:20000000008020207D95000071950000719500000000000000000000000000000000000002
:2000200000000000000000000000000071950000000000000000000071950000D193000050
:2000400071950000DD360000818A000071950000719500007195000071950000719500005E
:20006000000000007195000071950000000000000000000071950000657C00007195000087
:200080008D7100007195000071950000719500007195000071950000000000000000000044
:2000A000719500007195000000000000000000007195000000000000719500007195000022
:2000C000F0B5FFB08EB0049306920646929802900025E84305908C913468204609F097F9CA
:2000E00021188B9503918C4200D3BBE00020879087A908738890059889902F46049D207879
:20010000002800D1AFE0252805D0641C34600699A8477F1CF3E78B97601C306087AC204657
:20012000314600F0A7F88CAA2046314600F0BFF8306801787A2925D0682919D06A2908D071
:200140006C290ED0742908D04C2922D1879980221BE087990122D20217E0879901225203EC
:2001600013E0427887996C2A64D10122120205E042788799682A60D101225202114387914B
:20018000801C05E08799012212030A438792401C0178441C346087A8017373291FD06E2992
:2001A00029D1879832490840202850D040283CD001214A03904238D04A02904242D0CA0242
:2001C000904205D00A0390422FD0090288422CD1F8178C9904C98C91176050603BE087A839
:2001E0000078400619D4009587A88CAA8BAB069900F01DF92FE007AD87A98CAA284600F0F8
:200200006DF9024628460699029B9847411C059D00D0C5198B9503991FE0009587A88CAA45
:200220008BAB069900F09FF815E08C9802C88C900F6010E0401C402201E0401C2022114373
:200240008791A5E78C9802C88C900F7003E08C9802C88C900F8003998B9D681C00D042E7B4
:20026000059F00E02F4638467FB00EB0F0BDC046603F000010B50A681378302B0FD0232B7E
:2002800007D02B2B09D02D2B05D0202B0ED1042306E0082304E0012302E0022300E01023A7
:2002A00004681C430460521C0A60E5E710BDFEB516460D460446086802782A2A10D130683B
:2002C000011D316000686060002805D54042606020680121014321602868471C2F6017E01B
:2002E0000021303A092A08D84218531C2B60435C6F467B545278491CF3E76A460023535466
:2003000012784718002A03D0684607F047FE606038782E2826D1781C286079782A2908D117
:200320003068011D31600068A0602868401C2860FEBD00203039092908D839188A1C2A60C3
:200340004A786B461A548978401CF3E76A46002111541078002804D0684607F01FFEA06009
:20036000FEBDA160FEBDF0B587B01E460C9F13681C1D14601D68002D3BD00491069084681F
:20038000002C04D4284609F033F8844203D3284609F02EF8044606984068A042039000DCBD
:2003A000204601463068019140180296306005940398A0420EDD06980078C0070AD1059890
:2003C00001990E1A0024B44204DA20200499B847641CF8E70026049C069805998E420BDA71
:2003E0002868010A19D12D1DC0B22146B847761CF2E70020B84718E00599039A8A4214DDDC
:200400000078C00711D00198451A0024AC420CDA20200499B847641CF8E70020C0430299D3
:20042000086009F083F85821016007B0F0BDF0B585B00C4606460A9D1068011D1160006814
:200440000490002844D00393B768002F04D4049808F0DDFF874203D3049808F0D8FF074649
:2004600002967268BA42114600DC3946039B18680091401818600192BA420FDD0298007850
:20048000C0070BD10098C01B039000260398864204DA20202146A847761CF7E70026BE4220
:2004A00005DA0498805D2146A847761CF7E70198B84210DD02980078C0070CD00098C61B70
:2004C0000027B74207DA20202146A8477F1CF8E700202146A84705B0F0BDC046F0B589B04F
:2004E00001920F460446FF210846FA30251878680290002607960391FE31202220460092C3
:2005000008F07EFF7F20800006942118089104952E713D46387B0246613A172A2AD8012323
:2005200093402C46B44D2B42254608D007A908AA2846019B00F066F900260596B3E0712520
:200540002B42254622D1022A14D1019B1868021D1A600068C2B2534253410593039AFC32A2
:20056000069B9A18089208702868022188432860002698E001464539032907D3252860D02A
:20058000412803D058280596D0D08DE0019A1068C11D0720814308460830106005C9D14343
:2005A0002F7B4900490D0BD17B3F944911400143049C2CD01920C1438F4234D36E2033E098
:2005C000002A01D4114602E00121C9075140D60F002205923A46413A062A0BD9613F062FDE
:2005E00061D8C0467F443F797F00BF440B5C5C5C3B3631007A441279520097440354545489
:20060000332E290008AB2A4602F0A0FC4BE0002311461A46059306F05FFD1921C9438F4299
:2006200025D3662224E04E20E0708F4201D3612100E04121A17008946070002005900226B5
:2006400031E0002006994870252008700120A1E008AB2A4602F084FE25E008AB2A4606F0FE
:20066000EFFF20E008AB2A4604F0BEF91BE04622E2708F4201D36E2200E04E22A2708F42A1
:2006800001D3692100E0492161703F21C900069A51180891002803D02D202070042602E032
:2006A0002B2020700326287B012701466F39092904D801228A4052490A4201D158286BD10C
:2006C000049B029C04972946069F3D1908980C460978C90707D1191D091A62689142069F22
:2006E00001DC691A4F1C411C0398430000263846324608F083F908900599002903D0411CD5
:200700000891067000E00146A94206D8481E691A491C202208F074FE2E702078C00605D40B
:200720000698391A202208F06BFE2EE0069887422BD00698391A3026324608F061FE079800
:200740004142414104980140012905D12078400702D43846069905E03878069A511C1070C3
:20076000781C3E70227B412A0CD0582A05D0612A08D0782A01D0702A07D123781B0701D422
:20078000612A02D142784A704670069808F03FFE0599401809B0F0BD002E09D0012E049BCD
:2007A000029C8FD10120079029680220084007E0079A296802200840002A09D0049B029CC5
:2007C00008994A1E08922D220A704742474179E70028049B029C08D1480700D472E70898E2
:2007E000411E0891009901706CE70898411E08912B210170002765E708C19000FFFF0F0076
:2008000043020000F8B514460F4605468068002804D4286810218843286001E00120A860E6
:20082000287B1026582808D0782806D0702804D06F2801D1082600E00A262846194600F041
:2008400055F8AA68002A09D102460A4306D12878000749D52B7B0020024612E02B7B642BCF
:2008600003D1642300290BD504E0692B08D1002906D5692301223A60002240428A4100E027
:200880000A4600941146324600F0B0F8A968884206DA401C21684A1E226030220A70F5E7DB
:2008A000287B582803D0782801D070280FD1297809070CD5702800D1782021684A1E226053
:2008C00008702068411E216030210170287B6F280AD12878000707D520684178302903D071
:2008E000411E216030210170F8BDC04610B5037B702B05D10868021D0A60006800226FE015
:200900000068384A024001204403A24222D0402A20D00402A24230D04402A24246D0C40223
:20092000A2422AD00403A24214D0202A12D100221C46643C142C06D8A0402B4C204204D10D
:20094000212420423ED1582B49D10868031D0B60008845E000221C46643C142C06D8A0407A
:20096000214C204204D1212420422BD1582B36D10868031D0B60006832E01A46643A142AF5
:2009800006D89040184A104206D12122104203D10020582B024623D10868C21D072082439B
:2009A0001046083008601068526819E000221C46643C142C0CD8A0400B4C20420AD1212415
:2009C000204205D00868021D0A600068C21707E0582B04D10868031D0B60007800E01046BE
:2009E000114610BD603F000000081200FEB501920D460646582B01D0174800E015480090B5
:200A0000089802903046284305D1029A1068411E116030210170019C3046284313D0304670
:200A20002946224600F01AF807460D46224607F0D3FF301A0099085C029B19684A1E1A60C5
:200A400008703E46E8E70298006808F0E0FC401EFEBDC04698AC0000A9AC000080B5102ACE
:200A600006D0082A09D1C0084A078018C90880BD00090A078018090980BD002904D111467F
:200A800007F04CFA002180BD002308F01BFC80BD10B5AEB000202D902C9006F095FC03F016
:200AA00071FB08F039F9E44808F0C6FA0120289007F0AEFD289807F0ABFD0E20299007F004
:200AC000A7FD289807F0BAFD289807F0B7FD299807F0B4FD10202A9007F09AFD02202B90DB
:200AE00007F096FD2A9807F0A9FD2B9807F0A6FD07F04CF804F022F9FFE705F0E1FC06F0B8
:200B0000ADFFCE491D910880CD4A0220229001211B910823269306F067F9CA48006807F078
:200B20001DFA02460B46C8482590C849239107F0F9FB1B99259A269B142006F055F91B9930
:200B4000269BC34A3C201C9006F04EF9C148006807F004FA024625980B46239907F0E2FB36
:200B60001B99259A269B502006F03EF92299269BB94A084606F038F9229B2698B7490A78B3
:200B8000009019202190194604F06EFC1C982299269BB34A06F028F9229B2698B1490A78E3
:200BA00000905A20194604F05FFC2298269BAE4A03211E9106F018F91D9925980A88AB4937
:200BC00007F0B0FB1E99259A269B1E2006F00CF92298269BA64A04211F9106F005F9A548E2
:200BE000006807F0BBF9024625980B46239907F099FB1F99259A269B2D20279006F0F4F827
:200C00002298269B9C4A0521209106F0EDF89B48006807F0A3F9024625980B46239907F0DA
:200C200081FB2099259A269B219806F0DDF82298269BFD4A0621249106F0D6F8FB4800686E
:200C400007F08CF9024625980B46239907F06AFB2499259A269B279806F0C6F806F0DEFF27
:200C600001280DD1FFE7E7480178491C01700078062804DBFFE7E34901200870FFE7FFE70D
:200C800006F0A0FE01280DD1FFE7E0480178491C01700078042804DBFFE7DC490120087035
:200CA000FFE7FFE706F068FE012800D098E106F0D3F8DF4808F0C0F9FFE706F0CFFEC94946
:200CC00010910880C84A0220159001210E910823199306F089F8C548006807F03FF9024617
:200CE0000B46C3481890C349169107F01BFB0E99189A199B142006F077F80E99199BBE4A27
:200D00003C200F9006F070F8BC48006807F026F9024618980B46169907F004FB0E99189AB1
:200D2000199B502006F060F81599199BB44A084606F05AF8159B1998B2490A7800901920A4
:200D40001490194604F090FB0F981599199BAE4A06F04AF8159B1998AC490A7800905A20F6
:200D6000194604F081FB1598199BA94A0321119106F03AF8109918980A88A64907F0D2FAC5
:200D80001199189A199B1E2006F02EF81598199BA14A0421129106F027F8A048006807F079
:200DA000DDF8024618980B46169907F0BBFA1299189A199B2D201A9006F016F81598199B4D
:200DC000974A0521139106F00FF89648006807F0C5F8024618980B46169907F0A3FA139939
:200DE000189A199B149805F0FFFF1598199B8E4A0621179105F0F8FF8C48006807F0AEF821
:200E0000024618980B46169907F08CFA1799189A199B1A9805F0E8FF06F0AEFD01282FD0F0
:200E2000FFE784480068C117890F4018811075480078884224D0D2E0008086402A052020E5
:200E400046AD000018032020F6022020B1AA00003EAD00002C03202039AD0000DF0520204D
:200E600028AD0000E30520202EAD000042AD000018AD00008805202034AD00009C03202059
:200E8000624904200870FFE7574A022008900121029108230C9305F0A7FF5448006807F0B5
:200EA0005DF802460B4652480B905249099107F039FA02990B9A0C9B142005F095FF029971
:200EC0000C9B4D4A3C20039005F08EFF4B48006807F044F802460B980B46099907F022FA44
:200EE00002990B9A0C9B502005F07EFF08990C9B434A084605F078FF089B0C9841490A7847
:200F0000009019200790194604F0AEFA039808990C9B3D4A05F068FF089B0C983B490A7863
:200F200000905A20194604F09FFA08980C9B384A0321049105F058FF0B982A490A883549C7
:200F400007F0F0F904990B9A0C9B1E2005F04CFF08980C9B304A0421059105F045FF2F481E
:200F6000006806F0FBFF02460B980B46099907F0D9F905990B9A0C9B2D200D9005F034FF76
:200F800008980C9B264A0521069105F02DFF2548006806F0E3FF02460B980B46099907F03A
:200FA000C1F906990B9A0C9B079805F01DFF08980C9B1D4A06210A9105F016FF1B48006897
:200FC00006F0CCFF02460B980B46099907F0AAF90A990B9A0C9B0D9805F006FF54E76CE6BD
:200FE0008BE5C0462A05202046AD000018032020F6022020B1AA00003EAD00002C032020D1
:2010000039AD0000DF05202028AD0000E30520202EAD000042AD000018AD0000880520206D
:2010200034AD00009C03202020AD00008C052020004008408405202010B58AB0D74800786B
:20104000002809D1FFE7D6480068D6490860D3490878401C0870FFE705F032FAD248007892
:20106000002800D1A1E0DE49E3480860DD49086006F0CEFC0146E1480160006807F036F98F
:2010800007F01EFD132804DBFFE7DC4900200860FFE7DB480068DB49096803F0B3F906F0F6
:2010A00095FE00283FD0FFE7D7480078142805DCFFE7D5490878401C087002E008F0C3F9DE
:2010C000FFE7BF48006807F011F9002826D1FFE7BC48006807F00AF900281FD1FFE7BA484F
:2010E00000684B2815D1FFE7B04901200870AE4900200870B54A1168491C1160B249086077
:20110000B3490860B3490860B3490860B3490860FFE7AD490868401C086003E0AA49002039
:201120000860FFE740E0B84900200870AC480068B2490391096804F09FFD0399A04A0492A0
:201140009060A8480068096804F09BFD014604989C4A059291608168006805F08FFC0146E1
:201160000598AA4C099421608168006805F044FCA7490891086020687D214A010792A5494F
:20118000069107F039F90699079A034608982360006807F031F90899024609980A600068FE
:2011A000096803F053FEFFE7F6E080480078002800D189E08A49002008608A4908608348BB
:2011C0000068C117890F411803229143401A029003281DD80298810001A040588746C046B2
:2011E000F1110000F911000001120000091200007049002008600BE06E497C48086007E0BF
:201200006C490020086003E06A4977480860FFE76848006802F0F8FB7548006807F066F877
:2012200000284CD1FFE7684800684B2842D1FFE75E490020087065480068C117890F4118E2
:2012400003229143401A0190032827D80198810001A040588746C04669120000711200005C
:20126000831200008B1200004F490120087015E04F49012008705A495E480860594908602A
:201280000CE049490120087008E049490120087053495848086053490860FFE74A490020E3
:2012A00008604B4908604B4908604B4908604B490860FFE744490868401C086003E04249C1
:2012C00000200860FFE766E039480078002861D0FFE73848006802F097FB37480078002897
:2012E0003ED0FFE706F072FD002839D0FFE708F0AAF83348006806F0F9FF00282BD1FFE709
:201300003048006806F0F2FF002824D1FFE72E4800684B281AD1FFE7284900200090087048
:201320002549087022490870204A01211170274A1168491C116024490860254908602549FE
:2013400008602549086025490860FFE71E490868401C086003E01C4900200860FFE718E04A
:2013600006F034FD002804D0FFE71449012008700EE006F02BFD002809D1FFE70F480078AB
:20138000002804D0FFE70C4901200870FFE7FFE7FFE7FFE7FFE7FFE70AB010BDD605202077
:2013A0009C032020A4052020D8052020D9052020D70520208C052020D4052020D50520200A
:2013C000180320202C0320206005202084052020800520207C0520207805202074052020D9
:2013E000BC052020C0052020000007C300000743900520200000824200002042640520202F
:201400007C03202080032020D30520206C0320207003202060F0FFFFF0B58BB00A46034609
:20142000E24906463778C8194078761CC006F9D42D2F01D02B2F01D1307801E0761E3846D4
:2014400005F05AFC01D3014601E0014620394E293FD0492959D1707805F04EFC00D2203832
:201460004E284CD1B07805F047FC00D22038462845D1002A01D0F01C1060F07805F03CFCBF
:2014800000D2203849281FD1307905F035FC00D220384E2818D1707905F02EFC00D2203837
:2014A000492811D1B07905F027FC00D2203854280AD1F07905F020FC00D22038002A03D076
:2014C000592801D1083616602D2F00D1C7E0BA49C6E0707805F010FC00D2203841280ED12D
:2014E000B07805F009FC00D220384E2807D1B0490024002A00D127E1F01C106024E1002A87
:2015000000D01360002421461EE1AC490791002530280292049317D1707805F0EDFB00D24A
:201520002038582810D1B078A04909184978890707D42E2808D1F0789C49081840788007B9
:2015400002D5B61C9E4807902C469C4B07F0D9FF411E884108909A4B059507F0D2FF411ED7
:20156000884103900A9506952B46294632782E2A03D1002939D1012135E009911446303C55
:201580000A2C01D3002100E001210898084201D0284611E00398002827D084488118497824
:2015A000890722D528460A2C06D3114661391A2900D2203A1446373CE200824B99189D58A5
:2015C0004C680A99059A079B04F02AF92A46234602F055F905460A910999002902D0069822
:2015E000401E06900123761CC0E701202D2F099003D1C0070A9941400A91069FBC0003982E
:201600000028204600D13846002B00D181E00899002909D01346613B1A2B01D3134601E0A5
:201620001346203B452B09D00399002912D01346613B1A2B00D2203A502A0DD172782D2A07
:20164000019501D02B2A0DD1B11C0491B4780023DB430BE004963DE0049627463AE05549C0
:20166000002471E0711C0491002314462546303D092D25D800234D25AD00303C092C24D86C
:201680002D2A01D01E4600E05E423618F7177E40F61BAE42099F00D80027089939420AD185
:2016A0000127B9028E4200D800270399394202D10A2159430B19049C611C64780491DCE752
:2016C0000499C918491E049100232D2A019D00D15B421F18002428460A992246234605F0D8
:2016E000F1FC002815D10898002817D04D20800087421ADD07F01AFF22210160002428464D
:201700000A992246234605F0E7FC002816D12A4915E02C46029A049B0A9912E028460A99B3
:201720003A4604F03DFA044609E0274887420EDC07F0FCFE22210160214600E01D49029ACB
:20174000049B002A00D0136020460BB0F0BD002F15D41E4C029A049B002F0ED0F80709D00D
:201760000CCC28460A99083C04F05AF8049B029A05460A917F080834EEE72C46CCE72846AA
:201780007C42124D029A049B002C0CD0E10707D00CCD0A99083D03F0DFFB049B029A0A91C6
:2017A00064080835F0E70446B6E7C046B0A900000000F87F0000F0FF0000F07F000024402A
:2017C00000003040B8AA0000CCFEFFFF38AB000010B588B0C2480078002809D1FFE7C1481C
:2017E0000068C1490860BE490878401C0870FFE704F066FE06F00CF9BC490860BC480068A2
:20180000BC49096802F0FEFDBB480088AF214900884216DCFFE7B8480088012811DBFFE79C
:20182000B64901200870B64900200860B5490860B5490860B5490860B5490870B54908706B
:20184000FFE7AE48007800286CD0FFE7BA480068002818D4FFE7B8480068282813DCFFE7F9
:20186000AF480068B64904F00CFAAE498860AE480068B24904F005FAAC498860AE490868A1
:20188000401C08602CE0AC480068292818DBFFE7A9480068962813DCFFE7A1480068A749C5
:2018A00004F0EFF99F4988609F480068A44904F0E8F99E498860A0490868401C08600EE091
:2018C0009D480068972809DBFFE795480068954988609548006895498860FFE7FFE7FFE76A
:2018E00006F074FA002804D0FFE7964901200870FFE794480078012813D1FFE791480078AC
:20190000079006F063FA01460798884208D0FFE77A49002008708B49087087490860FFE7AA
:20192000FFE7ACE006F052FA00284FD0FFE77B490020087078480078142805DCFFE7764970
:201940000878401C087040E071480078002808D1FFE777490868401C08606D4901200870B8
:20196000FFE7704800696E49096804F085F9002105F0F8FB00280BD0FFE7694800686D4905
:2019800004F07FF9674988606849002088600AE065480068674904F074F96449886061493B
:2019A00000208860FFE75B480078002809D1FFE74F480068524908604E4800685149086034
:2019C000FFE7544901200870FFE757E052490020087052480078042805DCFFE74F4908787E
:2019E000401C087049E04A49002008704948007800282FD0FFE73E48006841490968411A65
:201A0000414801603B4909683E4A12688A1A3F490A6000680968401A07F052F87D218900B4
:201A2000884215DBFFE73E48006830490691096804F022F906993B4A90603B480068096818
:201A400004F01FF93949886032490020087000E0FFE711E03248006824490591096804F0FC
:201A60000BF905992F4A90602F480068096804F008F92E498860FFE7FFE7FFE7FFE72948AE
:201A800081680161294A0092916811618168006804F0F4FF014600982B4C049421608168FB
:201AA000006804F0A9FF29490391086020687D214A0102922649019106F09EFC0199029AE8
:201AC000034603982360006806F096FC0399024604980A600068096803F0B8F908B010BDC3
:201AE000D00520209C032020A40520205C0520207C032020800320202A052020CD05202065
:201B000054052020580520204C05202050052020D1052020CE052020CC052020D205202018
:201B2000BC05202018032020C00520202C032020840520200000A04148052020000070C16D
:201B40000000C841CF052020640320206803202060F0FFFFF0B589B00F4605460120C10761
:201B60003E468E43B14886420BD3D1483018284300D190E007F0DAFC21210160CD490025B9
:201B800050E1AB48864212D8C64AC74B2846394601F075FE0022A54B05F0BCFA002800D146
:201BA00086E0C248864200D382E039463AE10291089700249D4920462A46334601F05AFE4A
:201BC0009C4B224603F02CFE05460F469A4A9B4B03F026FE9A4A9B4B01F051FE07F058FCC3
:201BE000994A9A4B01F04BFE07F052FC984A994B01F045FE07F04CFC974A984B01F03FFE73
:201C000007F046FC964A974B01F039FE07F040FC06900791944A954B07F0A4FC944A954B2D
:201C200001F02DFE07F034FC934A944B01F027FE07F02EFC924A934B01F021FE07F028FC89
:201C400022467A4B01F01BFE039004912846394602F0E0F905900C468B48864200D283E0B6
:201C600007F033FC02460B46059D2846214603F0D7FD2A4607F080FC02460B4601F0FFFDFE
:201C8000824A864B01F0FBFD02460B468148844901F0F0FDC0E07D4A7D4B07F063FC0446E2
:201CA0000E467C4A7E4B07F05DFC2246334657E0284639462A463B4603F0B2FD064608976E
:201CC0000F465D4A5D4B03F0ABFD5D4A5D4B01F0D6FD07F0F5FB5C4A5C4B01F0D0FD07F0C9
:201CE000EFFB5B4A5B4B01F0CAFD07F0E9FB5A4A5A4B01F0C4FD07F0E3FB594A594B01F014
:201D0000BEFD07F0DDFB04460791574A574B3046394603F085FD564A564B01F0B0FD07F0D4
:201D2000CFFB554A554B01F0AAFD07F0C9FB544A544B01F0A4FD07F0C3FB00223B4B01F02A
:201D40009EFD02460B462046079903F005F902460B462846089C214603F062FD2A4623461B
:201D600001F08DFD05465DE000263046214632460196234603F054FD02460B46284639461B
:201D800001F078FD00900F46059D28462146324607F0F2FB02460B460098394603F0DCF8AE
:201DA00006460F4607F091FB07900691284621462A4607F0E1FB0590049130463946324622
:201DC0003B4601F05CFD02460B463048304901F051FD05460F4605980499079A069B03F060
:201DE0001FFD2A463B4601F045FD05460F4601982146024607F0C0FB02460B46254C264E8B
:201E00002046314601F036FD2A463B4601F032FD2246334601F033FD05460898002801DCBE
:201E200002984140284609B0F0BDC0460000F03FFFFFDF3F0000E03F09F7FD0DE13D023FDA
:201E400088B20175E0EF493F3B8F68B52882A4BF5544880E55C1C93F7D6FEB0312D6D4BFE5
:201E6000555555555555C53F82922EB1C5B8B33F59018D1B6C06E6BFC88A599CE52A00404F
:201E80004B2D8A1C273A03C03333EF3F075C143326A6913C182D4454FB21E93F26A691BCEF
:201EA000FB21F93F9C7500883CE4377E0000503E000010C00000F87FF0B587B005460F460F
:201EC0000122D0070E468643924886420DD3B448864203D8002D3FD086423DD128463946CB
:201EE0002A463B4601F0CBFCE2E08B488642039112D8914A914B2846394601F0C0FC0024E9
:201F00008B4B224605F006F9E1430291002869D0B00DF92866D2CDE08048864220D885485F
:201F200086423FD8284631462A46334601F0A7FC00277C4B3A4601F0A2FC044628460D4658
:201F400001218B07314602973A4601F098FC02460B462046294636E0002920DC924F1FE02F
:201F60006F48864234D800246F4B284607F0EEFA2A4605460F466D4B10463146224603F0BB
:201F80004FFC6B4B224601F07AFC02460B462846394602F0E1FF05460F46022021E0814F86
:201FA000824D87E0029200245E4B284607F0CEFA2A4605460F465E4B104607F0C7FA02464E
:201FC0000B462846394602F0C7FF05460F4609E0002054492A46334602F0BEFF05460F468D
:201FE000032002900695284639462A463B4603F017FC0590049102460B4603F011FC0446A0
:202000000D464F4A4F4B03F00BFC4F4A4F4B01F036FC07F04BFA4E4A4E4B01F030FC07F069
:2020200045FA4D4A4D4B01F02AFC07F03FFA4C4A4C4B01F024FC07F039FA4B4A4B4B01F067
:202040001EFC02460B460598049903F0E9FB04900591474A474B2046294603F0E1FB464A3B
:20206000464B01F00CFC07F021FA454A454B01F006FC07F01BFA444A444B01F000FC07F0A5
:2020800015FA434A434B01F0FAFB07F00FFA224A964213D8049A059B01F0F1FB02460B464D
:2020A00007F03CFA02460B462046394601F0E2FB05460F462846394607B0F0BD029AD40046
:2020C000354A1319125902925A680192049A059B01F0D5FB02460B463048011906594D68C3
:2020E00007F01CFA32462B4601F0C4FB22463B4601F0C0FB02460B460298019901F0BAFB32
:2021000005460F4603980028D4D50120C0074740D0E7C04600001044FFFFDB3FFFFFF23FEC
:20212000FF7F03400000F0BF0000F8BF0000F83F0000F03FFFFFE53F9C7500883CE4377E82
:2021400011DA22E33AAD903FEB0D76244B7BA93F513DD0A0660DB13F6E204CC5CD45B73F91
:20216000FF8300922449C23F0D5555555555D53F2F6C6A2C44B4A2BF9AFDDE522DDEADBF4B
:202180006D9A74AFF2B0B3BF711623FEC671BCBFC4EB98999999C9BF80AB0000A0AB000097
:2021A0000000F07FFB21F93FFB21F9BF182D445480B58AB009A90591088006AA0492022004
:2021C0001070CA205070E32090700920D0706820042104F0CDF8049A0598A32111700088FB
:2021E0004006002808D5FFE706A9C0204870C8208870C220C87005E006A9A3204870887066
:20220000C870FFE709A80088C005800F002808D0FFE706A9C4200871CC204871C62088719D
:2022200005E006A9A320087148718871FFE706AAA320D0711072507275480A2104F098F8D2
:2022400009A800888007002804D0FFE706A92020087003E006A9D8200870FFE76D480121B6
:2022600006AA04F085F809A800888006002804D5FFE7012004F0BAFF03E0002004F0B6FF1D
:20228000FFE709A80088C005800F002820D0FFE709A80088C00500280AD5FFE706A9B22061
:2022A00008708B204870B62088709B20C87009E006A9B020087080204870B42088709020CE
:2022C000C870FFE75448042106AA04F051F8FFE709A80088C007002826D0FFE706AAF82080
:2022E00010708B2000010121039104F041F807200290FA2100F0E2FA029804F07EFE03988A
:2023000005F0CAFD642006F025F97D20800006F039F94248C82105F09DFD282006F0A0F84C
:202320000A2006F0B6F808E006AAD82010708B200001012104F01CF8FFE709A80088800743
:20234000002804D5FFE706A9D920087003E006A9D8200870FFE73248012106AA04F008F84E
:2023600009A800884007002804D5FFE7012005F0C1FC03E0002005F0BDFCFFE709A8008853
:20238000C006002804D5FFE7012005F08FFC03E0002005F08BFCFFE709980821084321490B
:2023A0000191488100F0BCFC01990020887309A800884006002805D5FFE71A49887B801DFB
:2023C0008873FFE709A80088C005800F002805D0FFE71449887B801D8873FFE709A8008895
:2023E0001421084205D0FFE70E49887B10308873FFE709A800888007002805D0FFE7094933
:20240000887B001D8873FFE700200AB080BDC046A70A0000B60A0000A20A000009E3CA02C9
:202420003D070000FC04202010B588B07B480078002809D1FFE77A4800687A4908607749E3
:202440000878401C0870FFE704F03AF805F0E0FA75490860754800687549096801F0D2FF11
:2024600005F0B4FC00284FD0FFE773490020087070480078142805DCFFE76E490878401C70
:20248000087040E06D480078002808D1FFE775490868401C0860694901200870FFE76A48BB
:2024A00000696849096803F0E7FB002104F05AFE00280BD0FFE7634800686B4903F0E1FBD0
:2024C000614988606249002088600AE05F480068654903F0D6FB5E4988605B490020886011
:2024E000FFE757480078002809D1FFE74F480068584908604E48006858490860FFE7504969
:2025000001200870FFE757E04A49002008704A480078042805DCFFE747490878401C0870F9
:2025200049E04649002008704548007800282FD0FFE73E48006847490968411A4648016000
:202540003B490968454A12688A1A45490A6000680968401A06F0B4FA7D218900884215DB29
:20256000FFE73848006830490791096803F084FB0799354A906035480068096803F081FBC5
:20258000334988602E490020087000E0FFE711E02C48006824490691096803F06DFB0699C6
:2025A000294A906029480068096803F06AFB28498860FFE7FFE7FFE7234881680161244AE7
:2025C0000192916811618168006804F057FA01460198264C059421608168006804F00CFAB0
:2025E00023490491086020687D214A0103922149029105F001FF0299039A034604982360DA
:20260000006805F0F9FE0499024605980A600068096802F01BFC08B010BDC046C9052020FF
:202620009C032020A40520203C0520207C03202080032020C7052020CB052020CA052020A4
:20264000C80520204005202018032020440520202C032020340520202C052020380520202E
:2026600030052020840520200000A0415C0320206003202060F0FFFF80B596B00E200721DA
:20268000029106F0A1FA894814900421039106F077FB02990F20129006F096FA14980821B9
:2026A00006F06EFB12200521099106F08DFA0120069001027E48109006F062FB262006216C
:2026C0000A9106F0ADF9069800230B930193C0040D9000900321139118461A4605F0DAFC8E
:2026E00006980B9B0D9A1399019300921A4605F0D1FC0B9806F04CFA069806F049FA0399A9
:202700000B9B0D9801930090252004901A4605F0C1FC03990B9B0D9801930090242005907B
:202720001A4605F0B7FC049806F032FA059806F02FFA14200221089106F046FA089915201B
:2027400006F06EF90899342006F03EFA0899352006F066F93B2006F04FFB06980B990D9B29
:20276000009142040C922E2005F02CFE0B9A0D9B00922720114605F025FE0B990C9A0D9BF0
:202780000091332005F01EFE0B990C9A0D9B0091172005F017FE0B990C9A0D9B00912F20AE
:2027A00005F010FE222006F027FB212006F024FB232006F021FB2D2006F01EFB0B990C9A6B
:2027C0000D9B0091362005F0FDFD0B990C9A0D9B00913A2005F0F6FD06980B990D9B00913B
:2027E0000204079219200F9005F0ECFD079A0B990D9B0091182005F0E5FD08980B990C9A0D
:202800000D9B009105F0DEFD09980B990C9A0D9B009105F0D7FD0A980B990C9A0D9B00919D
:2028200005F0D0FD0B990C9A0D9B00912C2005F0C9FD0B990C9A0D9B00912B2005F0C2FDCA
:202840000B990C9A0D9B00910D2005F0BBFD0B990C9A0D9B0091162005F0B4FD10981549B6
:202860000E9106F0CAFC0E99109806F089FA1098114906F0FDFA0F9910988905119106F0D0
:202880005DF91098119906F091F912991498090406F0A8F9139914980902159106F04EF9CF
:2028A0001498159906F082F916B080BD00200A4000000A400070200800203C0080B58AB033
:2028C000024608A8027007AA118000784007002806D0FFE707A800888049884204DBFFE71A
:2028E0000020C0430990F5E007A8008805F0DCFF7B4904F047F9049005A8009004F03AFA4F
:2029000000980078801E01900E286BD80198810001A040588746C04655290000E52900004D
:2029200079290000E5290000E5290000E52900009D290000E5290000E5290000E5290000DB
:20294000E5290000E5290000E5290000E5290000C129000004988D21C90503F0C1FF05F095
:20296000C5FC03A908800498614903F0B9FF05F0BDFC02A9088039E004982321490603F055
:20298000AFFF05F0B3FC03A908800498574903F0A7FF05F0ABFC02A9088027E004988B21BE
:2029A000C90503F09DFF05F0A1FC03A9088004984D4903F095FF05F099FC02A9088015E089
:2029C00004984521090603F08BFF05F08FFC03A908800498434903F083FF05F087FC02A9F5
:2029E000088003E00020C043099073E003A8407806A908700398487002A84078887002988C
:202A0000C87008A80078C00700281CD0FFE775208000022106AA03F0ABFC002804D0FFE731
:202A20000020C043099055E006A8821C49208000022103F09DFC002804D0FFE70020C043BC
:202A4000099047E0FFE708A80078800700281CD5FFE73B20C000022106AA03F089FC002894
:202A600004D0FFE70020C043099033E006A8821C2520C000022103F07BFC002804D0FFE70D
:202A80000020C043099025E0FFE708A80078400700281CD5FFE777208000022106AA03F044
:202AA00067FC002804D0FFE70020C043099011E006A8821C4B208000022103F059FC00285A
:202AC00004D0FFE70020C043099003E0FFE700200990FFE709980AB080BDC0464106000033
:202AE000000048430000C044000040450000C0450000404680B5A4B0FFE77E4801907E48AB
:202B000000907E487E497F4A7F4B00F02FFB2290FFE7784800780028EFD1FFE7229800286B
:202B200004D0FFE70020C0432390DFE075480390006805F045FB9D21C905049104F022F82A
:202B4000014603982191406805F03AFB049904F019F8014603982091806805F031FB049934
:202B600004F010F8014603981F91C06805F028FB049904F007F81E902098032189070A9142
:202B800003F0AEFE06901E9805902199084603F078F81F9903F0A4FE0599024606980792E0
:202BA00003F09EFE079903F06CF805F0D7F9FEF7D1FF564A1C92564B1D9302F031FE04F051
:202BC0009FF8544908601F990B91084603F059F80C901E9808902199084603F052F820998B
:202BE0000D9103F07DFE089902460C98099203F077FE099903F045F805F0B0F902460D98DC
:202C000010920A460A99119203F06AFE0B9902460C980E9203F064FE0D9902460E980F9267
:202C200003F05EFE0F9903F027F87F21C90503F028F805F093F9024610980B46119900F0AE
:202C4000A9FF1C9A1D9B02F0EBFD04F059F832490860209813901F981690219814901E9990
:202C6000189103F03DFE169902461398129203F037FE129903F005F80146084603F001F8F3
:202C800005F06CF91A90084613991B90084603F027FE14991590084603F022FE159902F0D2
:202CA000F0FF16991790084603F01AFE0146179802F0E2FF18991990084603F011FE0146BC
:202CC000199802F0D9FF05F049F902461A980B461B9900F05FFF1C9A1D9B02F0A1FD04F003
:202CE0000FF80E49086000202390FFE7239824B080BDC046A10320201603202056032020AD
:202D00005003202040032020940320206666666666A64C408C032020900320209C03202015
:202D200080B582B08848807A002804D1FFE70020C043019004E16B46002018708249486812
:202D400000780968497C012203F0A0F9002804D0FFE70020C0430190F2E07B4948680078C2
:202D60000968497901226B4603F090F9002804D0FFE70020C0430190E2E073494868007894
:202D80000968097901226B4603F080F9002804D0FFE70020C0430190D2E06B482421405C24
:202DA000002864D0FFE76B460C20187066494868007809680979012203F068F9002804D02F
:202DC000FFE70020C0430190BAE0322006F008FB6946C02008705C48807AC007002806D00A
:202DE000FFE700982021084369460870FFE75649486800780968097901226B4603F046F9FC
:202E0000002804D0FFE70020C043019098E04E48407C002804D0FFE769460220087003E044
:202E2000694600200870FFE74749486800780968497C01226B4603F029F9002804D0FFE7AC
:202E40000020C04301907BE06B46002018703E494868007809684979012203F017F90028DA
:202E600004D0FFE70020C043019069E065E06B46042018703449486800780968097901223E
:202E800003F004F9002804D0FFE70020C043019056E02D48807C002806D1FFE72A48807AB4
:202EA000C007002804D1FFE769464020087003E0694660200870FFE723494868007809686C
:202EC000097901226B4603F0E1F8002804D0FFE70020C043019033E0322006F081FA1A4802
:202EE000407C002804D0FFE769460120087003E0694600200870FFE71349486800780968E7
:202F0000497C01226B4603F0C1F8002804D0FFE70020C043019013E00B4B586800781968D4
:202F200049791033012203F0B1F8002804D0FFE70020C043019003E0FFE700200190FFE7D7
:202F4000019802B080BDC04694042020F0B5A5B0049308920E46074600240A947E4D22464A
:202F60002B4604F0CDF8002813D100247B4D3846314622462B4604F0B9F8002809D1002298
:202F800038463146134604F09DF800283C46354607D10AAA2046294604F044FA0A98401EA2
:202FA0000A900899087B0BAE412801D06D4800E06B48099088680190302003903070002259
:202FC000079220462946134604F086F801210028029101D0C8074540771C20462946079AAD
:202FE000134604F06FF800280DD124AA2046294604F018FA249801210A1A2046294602F0A5
:20300000CFFD04460D462046294604F099FD06463946059704F0E8FA0690304605F03AFB75
:2030200006F029FA04460D460198471C20D3059806994618002220462946134604F042F8D3
:20304000002848D1002220462946474B02F0E8FB04460D4604F074FD0999095C771C317094
:2030600005F018FB06F007FA04460D463E46E1E70BA806994618002F16D07F1E002220467E
:203080002946394B02F0CCFB04460D4604F058FD0999095C3246761C517005F0FBFA06F0EC
:2030A000EAF904460D46E6E73178099C204606F027F9001B08280EDB0196741E089D079F51
:2030C000099E2178304606F01BF9801B0E2805DD2770641EF5E7089D079F04E00999081897
:2030E00040782070019E37700A98297B4129049C01D0702100E05021069E059F224604F09B
:203100004DFBAA68501C04D1384606F080F9421EAA6038463146234605F0ECF9A86800284D
:20312000029A02D128680007C20F38463146234603F030FF287B412801D0782000E058206B
:2031400021684A1E226008702068411E21600399017025B0F0BDC0460000F07F0000F0FF29
:2031600098AC0000A9AC00000000304010B594B0179C169C1290119110920F9306A9002081
:203180000870169908807448807B179A07A901F069FF002804D0FFE70020C0431390D7E0B0
:2031A0006D484089142108426CD0FFE70798000607A900914A78120480188A7812028018EC
:2031C000CA788018109A1060089800064A79120480188A7912028018CA798018109A506000
:2031E000099800064A7A120480188A7A12028018CA7A8018109A90600A9800064A7B12040D
:2032000080188A7B12028018C97B40181099C8600698103006A9087010980221405E0290F8
:2032200010980621405E039010980A21405E049010980E21405E059002984043039949433A
:203240004018049949434018059949434018019001980F210906884205DBFFE701983F49F9
:20326000884208DBFFE7FFF75BFD169900200880C04313906CE0169908880122120210435B
:203280000880FFE7344840894006002823D5FFE706A9087807AA1318105C00025B78C0180B
:2032A000119B18800878831898780002DB78C018119B5880087882181079000252798018E6
:2032C000119A90800698801D087016990888082210430880FFE720484089C005800F0028A9
:2032E00023D0FFE706A9087807AA1318105C00025B78C018129B188008788318987800025F
:20330000DB78C018129B5880087882181079000252798018129A90800698801D08701699D7
:203320000888702210430880FFE70B4840898007002807D0FFE706A8017807A8401803F001
:2033400015FBFFE70F9805F0D1F900201390FFE7139814B010BDC046FC04202001000011D4
:20336000F0B5A3B003930F46044604929168002903D0002904D5062100E0012104988160ED
:2033800007910AA83021089101700025204639462A462B4603F0A0FE01210028059101D05B
:2033A000C8074740624E20463946604A334603F0B1FE002809D00022204639465E4B01F0BB
:2033C000CBFD04460F466D1CEDE75A4E0022204639460992134603F075FE002811D10022F4
:2033E00020463946334603F077FE002809D0002220463946504B02F013FA04460F466D1E3B
:20340000E4E702950AA8451C2046394604F098FB0695294604F0E8F807998842019004DD11
:20342000481C0AA90A18085C1FE0C9430E180AA90D18681C07902046394604F081FB05F081
:2034400029F902460B462046394600F013FA0022394B02F0E5F904460F4604F071FB079AB9
:2034600030306870761C1546E3D3C0B23528039E049F029B099D0FD31446501E0178491C93
:20348000CAB201703A2A03D330210170401EF5E70AA98842224640D00198C41815700220F8
:2034A000C043844202DBB868844207DD601E397B891EC9B2324604F071F90124069805F0BA
:2034C000A6FF401E0599A0421ADB0028089A01D4069A125C1346303B5D1EAB41C943194334
:2034E000C90705D13978090702D40025059905E031684B1E33600A7001250021401EE2E76A
:203500003868082202402A43501E824106982146334603F03FFD23B0F0BD501E00210170D4
:203520000198C018441C0AA80690B8E70000C0FFFFFFDF410000F03F0000244080B584B0FA
:2035400002A908706448807C0978884203D1FFE700200390BDE002A80078002853D0FFE7F8
:203560005D494868007809680979012201AB00F0E3FF002804D0FFE70020C0430390A8E0C9
:2035800001AB1878DF210840187053494868007809680979012202F079FD002804D0FFE7FB
:2035A0000020C043039094E0032005F019FF01A90220087048482221405C002806D0FFE71A
:2035C00001988021084301A90870FFE742482321405C002806D0FFE701983021084301A931
:2035E0000870FFE73C49486800780968C97D012201AB02F04BFD002804D0FFE70020C043FB
:20360000039066E05FE034494868007809680979012201AB00F090FF002804D0FFE70020AA
:20362000C043039055E02C48807AC007002806D0FFE701982021084301A9087005E001A9D0
:203640000878DF2210400870FFE723494868007809680979012201AB02F018FD002804D0E2
:20366000FFE70020C043039033E0032005F0B8FE19482221405C002804D0FFE701A9802061
:20368000087003E001A900200870FFE712482321405C002806D0FFE701983021084301A9AA
:2036A0000870FFE70C49486800780968C97D012201AB02F0EBFC002804D0FFE70020C043CB
:2036C000039006E0FFE702980349887400200390FFE7039804B080BD9404202080B58AB03D
:2036E0000320019041065D48029005F061FB014601985B4A0592116001025A48049005F08C
:2037000057FB01460298584A116001210391490605F0FDFC039902460298531E9A4109ABF2
:203720001A70890605F0F3FC039902460498531E9A4108AB1A70490205F0E9FC039902467A
:203740000498531E9A4107AB1A70090205F0DFFC014605984A1E914106AA1170C07880075C
:20376000002812D5FFE709A8007808A90978884205D0FFE73D490868401C086004E03B4952
:203780000868401E0860FFE718E03548C0784007002812D5FFE709A8007808A909788842FF
:2037A00005D1FFE731490868401C086004E02F490868401E0860FFE7FFE7FFE72A48407831
:2037C0008007002812D5FFE707A8007806A90978884205D0FFE726490868401E086004E008
:2037E00023490868401C0860FFE718E01E484078C007002812D0FFE707A8007806A909781F
:20380000884205D1FFE71A490868401E086004E017490868401C0860FFE7FFE7FFE703203C
:20382000009041060D4805F07BF9009801020D4805F076F9012005F00DFA01280BD1FFE797
:20384000064805F067FD172803D1FFE7FFF752F900E0FFE700E0FFE70AB080BD00000A40BA
:203860008403202000200A40880320207C03202080032020FCB40124E407634002E0FCB4D5
:203880000124E40708B41D03ED08D60D354356025F007F0D06D12C00344300D0AEE001B020
:2038A000FCBC7047A408254307242402FF34A74205D10020190D090501B0FCBC7047002BA3
:2038C00003D50024A61BAC4125000B03DB08C20D134342024800400D07D11C00144300D00F
:2038E0008CE00EBC1000F0BC704701246407234307242402FF34A04205D10020090D0905A9
:2039000001B0FCBC7047002903D50024A21A9C412300C11B08D51C002B002500140032003B
:2039200026000024611A3800362925D502B4393949420C00203C03D22F008F40374301E0E8
:203940003700A740002F01D040210E4302BC20290BD500290ED04C42203420B4A5402C00E2
:2039600020BC0D41CE40361904E000292E000D4120390E4192196B411C0014433ED0002493
:20398000002B04D5012400218A1A99410B00401E52005B41FBD50121890215000D400CD04D
:2039A000521800277B4101D3401C0BE00721C90115000D4001D189008A43072109028A4323
:2039C00052005B41801C19DD07210902FF31884209D30EBC0020C90F0902FF31C900C91DB2
:2039E0000905F0BC7047190B00050143E40721431805120B104301B0FCBC704700210020AC
:203A000001B0FCBC7047704780B592B01190534800685349096800F0F5FC3F2000061090C1
:203A200050480F9000200E900D900C904E48006805F064F94D4908601198096802F01CF9E9
:203A400003F082FE0C90109808900C9807900F99069147490A91096802F00EF90146069823
:203A600002F03EFF079902460898099202F038FF099902F006F90A9A01463E480B900160CB
:203A80000C991160006804F031FC2721C943282204F0B2FC04F094FB01460B980160006811
:203AA000354903F069FB00280CD0FFE731480068002103F043FB002804D0FFE72D492E4846
:203AC000086014E02B480068002103F055FB00280CD0FFE727480068284903F02FFB0028D4
:203AE00004D0FFE7234925480860FFE7FFE72448006820490191096802F0C3F80199214A0D
:203B00000292906020480068096802F0B5F8014602981E4A039291608168006802F0AEFF82
:203B2000014603980E918168006802F065FF0D900E987D214A0105921549049104F05CFC5B
:203B40000499059A0E900D9804F056FC0D900E980D9901F07BF912B080BDC0467C0320208E
:203B600080032020CDCCCC3EA4052020880520207005202090052020000040C0000040401F
:203B8000BC05202018032020C00520202C03202060F0FFFFF0B585B01E4605460292039057
:203BA000504B514F04963E40501E1446844134439C4207D80F40681E2C4684413C434948D5
:203BC000844208D90398029A049BFFF758FE0C46214605B0F0BD4548049B181810431AD068
:203BE0000C46C90FD80F4000019141183D4316D032431CD03B48864217D187421DD1424C4A
:203C00003C48C0467944097949008F4401023B60DEE7414CDCE70398FEF74EF9D7E702294C
:203C20000398D5D3032918D015E0874218D10120C00704402E48241810E000242046C04628
:203C40007944097949008F4401020608C0E700200121CC07BCE72A4C00E02A4C2548B7E7C2
:203C6000B81B00153C2803DD214C2248019918E0002B09D500253B22D243904204DA2846F1
:203C80002C460EE0234C23E003980D462146029A01F062F90122D2079143FEF70DF90C46F8
:203CA0002946002994D0022905D0012912D10121C9074C408CE7104A104B2146FFF7DFFD1C
:203CC00002460B460B480E49FFF7D4FD7FE70F4C0F487DE7084A094B2146FFF7D0FD054A3F
:203CE000084B72E70000F07FFFFFFF7F000010C0FB21F93F182D4454075C143326A6A1BC59
:203D0000FB210940FB2109C0FB21E93F7CD902C0D221337F7CD90240FB21E9BF80B58AB08F
:203D2000014609A8017001784F48016000687B2804D1FFE74D4901200870FFE74A480068D4
:203D40007D2804D1FFE7494902200870FFE74748007801280AD1FFE74348006844490B78FD
:203D6000444AD0540878401C0870FFE73F480078022876D1FFE73F48C078502804D1FFE70F
:203D80004449012008705EE03A484078232859D0FFE7374800900078021F36480290C11C96
:203DA00004A8019005F0C6FB00990198097809180A1F0021117005F09FFB02F0A1FF014609
:203DC00002982D4A1160407830380390082838D80398810001A040588746C046013E000007
:203DE0000B3E0000153E00001F3E0000293E0000333E00003D3E00003F3E0000413E00007B
:203E00001D480068224908601BE01B4800681F49086016E0184800681B49886011E0164813
:203E20000068184908600CE0134800681449086007E0114800681149886002E001E000E050
:203E4000FFE7FFE7FFE70949002008700849087011490870084908600648322105F000FBE1
:203E6000FFE70AB080BDC046B8052020E0052020E1052020C4022020B40520202C032020A9
:203E800098052020A005202018032020940520209C052020A0032020E2052020B0B588B0A4
:203EA00006AB188003AC6C20A0705248208002A82C2181705049018001AA762191704F4957
:203EC00011806A46662191704D4911801A8803210A40A55C05AA1570069DED06AD0F655D99
:203EE0005570069D2D06AD0F645D94701B880B40C45C04AB1C70069CE406A40F045D5C70F1
:203F0000069C2406A40F005D98703E4802F030FA002804D0FFE70020C043079066E03A48B7
:203F2000032104AA02F024FA002804D0FFE70020C04307905AE0019805A9088001A8807859
:203F400088706846807804A988700098088006A80088400700280AD5FFE70598012108438A
:203F600005AA10700498084304A90870FFE706A80088800600280AD5FFE705A948780122E6
:203F80001043487004A9487810434870FFE706A80088C00500280AD5FFE705A988780122FF
:203FA0001043887004A9887810438870FFE711208001032105AA02F0DBF9002804D0FFE7AB
:203FC0000020C043079011E01048032104AA02F0CFF9002804D0FFE70020C043079005E0D1
:203FE00006980B49088100200790FFE7079808B0B0BDC0464CCD00000CC900003656000065
:2040000026460000260400002A04000031040000FC042020F0B585B00D4604465448014013
:2040200081420CD12046294622462B4601F0F8FB22462B46FFF723FC04460D4693E04D4BB8
:20404000002D75DD012004900105280D06D10020002D05D11538E50A6405F9E72E460DE011
:2040600000220D4202D16D00521CFAE7801A401C2026B71A2646FE402E4394403E4A821822
:20408000481E304008430092D10703D0E10F400040186400E10F4000461800250498410541
:2040A00001956400002911D04A19B71A304600DB3846B24200DC5518B24202DC019A5218E5
:2040C00001924000E20F86184908EAE75F1C00221346002F23D0D019AE4216DD03930023BF
:2040E0000028049A00D41A46C11902910029049900DA1946761B844200D2761E039B0A40B5
:20410000AD18241ADB19029A03E002D18442E5D23546E00F71000E1864007F08D9E73443B6
:2041200013D0581C019A12D001201840C31810E028461840204316D0002D83D505F0F6F9EF
:20414000212101600E4D00240DE0019A01E0521C002350105908D207541800994908090545
:204160000818064945182046294605B0F0BDC0460000F07FFFFFFF7F01FCFFFF0000E03F31
:204180000000F87F80B58AB0494804F039FD002803D1FFE702F064FFFFE700F0FFFA0990DF
:2041A0000998002801D0FFE77FE00020029009907820019000F05AFA024601980999891844
:2041C000099101F0C5FF01460998401809903220039001F03BFA014609984018099007A824
:2041E00004F024F9014609984018099006A803F02DF8014609984018099008A802F0BAFDDD
:20420000024602980999891809912A490491888148810881C8808880488008800320087041
:204220000420888004F086FD0146099840180990214803F0D3FEFFF731FE01460998401870
:2042400009901E4805F052F801460998401809901B4805F041F802460498099989180991F5
:20426000FF217431C180C088FDF7A2FF0246039809998918099102F00DFA01460998401862
:2042800009900120059001F0C1FF049903460598099AD218099248700998002801D0FFE73B
:2042A00003E0084901200870FFE70AB080BDC04600200F400C0520201A0520202B94000070
:2042C000EF940000E4052020F0B587B01D4616463024059004700027104619463A463B465D
:2042E00002F0FAFE0028019402D00120C00745400D9804900C9803903F4C304629463D4A71
:20430000234602F007FF002809D00022304629463B4B00F021FE06460D467F1CEDE70598F4
:20432000441C0022304629460692134602F0CAFE002811D1002230462946304B02F0CCFE23
:20434000002809D00022304629462D4B01F068FA06460D467F1EE4E70398C0190390304606
:20436000294603F0EDFB214603F03EF902942418C019049908600398471C012F1ADB304619
:20438000294603F0DDFB04F085F902460B4630462946FFF76FFA0022194B01F041FA064696
:2043A0000D4603F0CDFB3030611C20707F1E0C46E5D100E02146481E0278352A0DD3891ED0
:2043C000019C0A78521CD3B20A703A2B02D30C70491EF6E7059A914204D006990170029867
:2043E00007B0F0BD0699017004990868401C08600598F5E70000C0FFFFFFDF410000F03FF3
:204400000000244080B590B00F900E910F983E4A1168401A0D900E983C490B68C01A0C90D2
:204420000F9810600E9808600D9839490A789300384AD0500C980A789300374AD05008789F
:20444000401C03221040087000200B900A900990FFE70998032813DCFFE7099881002D4807
:2044600041580B9840180B90099881002A4841580A9840180A90FFE70998401C0990E8E701
:204480000B9803F09DFE8121C905009102F07AFB08900A9803F094FE009902F073FB079034
:2044A00008981E49019102F01BFA03F057FD1C4A02921C4B039301F0B3F9002205921A4B63
:2044C000049301F0ADF9059A184B069300F044FD02F016FC0199164A1060079802F000FAE9
:2044E00003F03CFD029A039B01F09AF9049B059A01F096F9059A069B00F02EFD02F000FCCB
:204500000C49086010B080BD680520206C052020DE052020DC042020EC0420200000C84206
:204520006B195F6A3AF1CA3F0000594000609840180320202C03202010B58CB00AAC207018
:2045400009A8017008A802700793002106910078002803D1FFE700200B907FE005A804F0B0
:20456000C5F809A801783F48019004F0FCFD01983D4A20211160012104F086FCFFE739487E
:2045800004F046FE8006002801D4FFE7F7E70AA8017808A803783348012203F029F9FFE7AD
:2045A000304804F049FB002814D1FFE72D4804F043FE03A90870069808A90978884208D216
:2045C000FFE703980799069A88540698401C0690FFE7FFE704A804F089F8049805990A314C
:2045E000884206D3FFE702F03BFD0020C0430B9034E0FFE71B48012104F0A6FC0028CFD06E
:20460000FFE7184804F018FB002814D1FFE7154804F012FE02A90870069808A9097888423C
:2046200008D2FFE702980799069A88540698401C0690FFE7FFE70C4900200860094803F087
:2046400047FD069808A90978884203D1FFE700200B9003E00020C0430B90FFE70B980CB021
:2046600010BDC04600200F4014320F4080B584B0014602A8017000784006400F002804D08F
:20468000FFE701A9012008700DE002A80078002804D0FFE701A90020087003E001A94020D1
:2046A0000870FFE7FFE73C49486800780968497D012201AB01F0EAFC002806D0FFE73649C9
:2046C00000208872C043039063E001A90878BF221040314A10730020087002A8007840068E
:2046E000002806D4FFE701980421084301A90870FFE702A800788006002806D4FFE7019898
:204700000221084301A90870FFE702A80078C006002806D4FFE701980121084301A908702B
:20472000FFE702A800780007002806D4FFE701983821084301A90870FFE7174948680078B5
:204740000968897D012201AB01F0A0FC002806D0FFE7114900208872C043039019E002A8F5
:204760000078002809D0FFE702A80078082804D0FFE7002001F0F4FEFFE702980649887202
:20478000002000900875322004F02AFE00980390FFE7039804B080BD9404202010B586B00E
:2047A00003AB802018704549486800780968497D012201F06BFC002804D0FFE70020C043B6
:2047C000059077E0642004F00BFE03AB002018703A49486800780968497D012201F056FCCE
:2047E000002804D0FFE70020C043059062E03349019100200290C8740A460832FF238B7238
:204800000B724B72CB722E4CCC810B748B7401230B739376D076487508750884C8838883CF
:2048200048830883C88210775077C8847D20000101F0CAFB002804D0FFE70020C043059050
:2048400038E0022001F05EF8002804D0FFE70020C04305902EE02A2001F04EFB002804D0AF
:20486000FFE70020C043059024E0322000F0EEFE002804D0FFE70020C04305901AE00020B4
:2048800001F066FC002804D0FFE70020C043059010E00020FEF752FE002804D0FFE70020D4
:2048A000C043059006E000200090FFF7DFFE00980590FFE7059806B010BDC04694042020E6
:2048C000FFFF000010B58EB00CAC20800B910AA8028009A8038043482521405C002804D012
:2048E000FFE70020C0430D9078E00B98002804D1FFE70020C0430D9070E008A900200880CB
:20490000FFE708A800880CA90988884248DAFFE70CA8008808A90988401A112803DBFFE78C
:204920001020019006E00CA8008808A90988401A0190FFE7019807A9088008A800880988E7
:204940000B9A121801F014FD002804D0FFE70020C0430D9042E008A8008807A9098803AA9C
:2049600001F0B0FC002804D0FFE70020C0430D9034E00B9808A90988401807A90A8803A9B9
:2049800004F08EF8002804D0FFE70120C0430D9024E0FFE707990898401808A90880B0E7A8
:2049A0000AA8407802AB18700A9858700D49486800780968497F022201F068FB002804D0C3
:2049C000FFE70020C0430D9008E006492522012088540998C88400200D90FFE70D980EB0C3
:2049E00010BDC04694042020F0B5A1B0049305469068002801D506209060029003920024DD
:204A00003D4F2846224606913B4602F079FB06990028264614D10026384F284632463B468A
:204A200002F064FB069900280AD1002228460592134602F047FB069B00282E461F4622D13A
:204A40002F4D04F038FD02F047FB002809D00022304639462B4B00F0E3FE06460F46641EFB
:204A6000EFE7284D04F027FD02F04AFB002807D004F021FD00F070FA06460F46641CF1E738
:204A800035463B46059407A802990091019008A82A46FFF719FC0446079D022D0DD1059D4D
:204AA0006D1C204604F0B3FC2018401E0021017028460125049E039F02E0049E039F0598A1
:204AC000397B324602F06AFEBA6820462946334603F010FD204604F09AFC854203D13868B5
:204AE0000007C20F00E0012220462946334602F051FA21B0F0BDC0460000F07F0000F0FF6E
:204B00000000F03F00002440F0B583B03D4A8218029211231C028D7A6B1EDBB2022B08D8F9
:204B20009E00394FBE594927FF017B43DA19019202E000220192022602190092CF68AD0034
:204B400045193120C0012C588F239C431F40374327432F504868029C6060087805283AD841
:204B600001263746874009231F420ED112231F4218D04F7A254AAE18AA58254D1540032FE7
:204B80001ED0012F20D1244A1BE04B7A1F4C2F591F4A3A4077271F40D2197304D2182A513E
:204BA000029C18E04A7A194BEE18EB58184D1D40012A03D1184AAA18521C0BE0154A00E071
:204BC000164A1543356006E0772217403D43124AAA18FF3232600022009B1A60C01E032811
:204BE000019B01D220200343087A21680C4A0A40BD2101401943114302200843206003B0A6
:204C0000F0BDC04604180000DCAC0000301800008888FDFF010202000101020003030200D8
:204C20004000FFCF10B58CB00BAC20700AA8017009A8027008A8037007AA002111700278E8
:204C4000520806AB1A7005AA11800078082804D1FFE704A90620088012E008A80178019114
:204C6000C80802904907401C0029039001D102980390019803994008484304A90880FFE748
:204C80000998203807A908700BA800780AA9097803F05AFA05A900200880FFE705A80088DC
:204CA00004A90988884242DAFFE705A8008806A9097803F033F900290ED1FFE708A8007850
:204CC000082809D0FFE70BA800780AAB19784A1C1A7003F039FAFFE708A8007808280DD142
:204CE000FFE707A80078062141431348401805A90988405C012101F081FC12E008A80078C4
:204D000010280CD1FFE707A8007801010948401805A90988405C012101F070FC00E006E0A6
:204D2000FFE7FFE70598401C05A90880B6E70CB010BDC04696A1000086A7000080B584B07F
:204D4000414803F06BFF002803D1FFE702F0AEFAFFE7C820009003F0E5FBAE20002103913D
:204D600001F04CFC0399084601F048FC0399102001F044FC03994020019001F03FFC039989
:204D8000812001F03BFC0399CF2001F037FC0399A12001F033FC0098039901F02FFC039932
:204DA000A620029001F02AFC0399A82001F026FC03993F2001F022FC0399D32001F01EFC69
:204DC0000399084601F01AFC0399D52001F016FC0399802001F012FC0399D92001F00EFC83
:204DE0000399F12001F00AFC0399DA2001F006FC0399122001F002FC0399DB2001F0FEFB48
:204E00000198039901F0FAFB0399202001F0F6FB0399022001F0F2FB03998D2001F0EEFBFA
:204E20000399142001F0EAFB0399A42001F0E6FB0298039901F0E2FB02F00EF80399AF2033
:204E400001F0DCFB04B080BD00000F4080B58EB00D900C910D9801281DDBFFE701200A9036
:204E600041053B480B9003F0DFFF0A990B98890304F0A5F90D98012803DBFFE70D980990C9
:204E800003E00D9840420990FFE709993148002204F08EFA1CE00120079081032C4808908C
:204EA00003F0C2FF07990898490504F088F90D98012803DBFFE70D98069003E00D98404264
:204EC0000690FFE706992348002204F071FAFFE70C9801281DDBFFE70120049041031C48DD
:204EE000059003F0A1FF04990598090304F067F90C98012803DBFFE70C98039003E00C98A1
:204F000040420390FFE703991248012204F050FA1CE00120019001030D48029003F084FF30
:204F200001990298490304F04AF90C98012803DBFFE70C98009003E00C9840420090FFE776
:204F400000990448012204F033FAFFE70EB080BD00000A4000808640FCB40C005C40E40F6C
:204F6000E40710B41D032D0B56006D415F007F0D73D001246405254307242402FF34A74295
:204F800061D00B031B0B42005B414800400D64D001246405234307242402FF34A04252D089
:204FA000C01B002100273624AB4200D1B24204D37F414941921BAB4101E07F414941641E5B
:204FC00006D0002B01D1002A02D052005B41EBE7202C07D2162C0AD33900A7402026361B47
:204FE000F1400BE0203C3900A140002706E0A1402026361B3D00F5402943A7400124640547
:20500000214202D17F004941401E00247F1C61410124A405214202D0401CA14301E0640802
:20502000A14303242402FF34001916DD2419A04209D8CC074908000501437808204310BCE4
:205040002143FCBC704702BC0020C90F0902FF21C900C91D0905FCBC70470021002001B07E
:20506000FCBC704780B586B004AB1880039102923D482421405C002804D1FFE70020C0437B
:2050800005906EE03848807A002804D1FFE70020C043059065E03449486800780968097B39
:2050A000022201ABFFF748FA002804D0FFE70020C043059055E00198000201A949784118BA
:2050C00068460180008804A90988884206DAFFE7029900200870C043059042E06846008828
:2050E000214949684988490888421DDDFFE71E49486800780968C97C012201ABFFF71CFAA9
:20510000002804D0FFE70020C043059029E001A80078C006002806D5FFE7FDF701FE012008
:20512000C04305901DE0FFE70F49486800780968497B04AA1278039BFFF7FEF9002804D080
:20514000FFE70020C04305900BE06846008804A9098802F0E3FE401E029908700020059059
:20516000FFE7059806B080BD94042020F0B5394A8218394BC0183A4D4C790B79002C22D0D5
:20518000466F202B02D00524E70100E0354F2E40002B00D188273E434667846F2C403C43A3
:2051A0008467446B2D4E34404463846B3440846300244465846554688F26F64334405460ED
:2051C0009468344094600C688979202B09D006467036002B15D1641E4460C46E2C4088275B
:2051E00015E0641E4460C46E2C401E4E3443C466046F2C40344304671B4D012467070646E1
:2052000007E00527FF0164084460C46E2C403C43C46634682C403C433460C46A0F4D2C4013
:20522000C462046B2C4004630024C4640465C46F8F25ED432C40C46714682C4014601943EB
:2052400002680A4B1340BD220A40D118891C0160F0BDC04684180000041800008888FDFFAD
:2052600024493E0001040000FFFFFFCF4000FFCF80B586B0014604A80180008800281DD127
:20528000FFE70020029001F06BF9029803AB1870072058703549486800780968497D022261
:2052A00000F0F4FE002804D0FFE70020C043059058E02E4900200875059053E0012001F04C
:2052C0004FF903A92020087004A80088012807D1FFE703A900204870052000F00DFE20E063
:2052E00004A80088052807DCFFE703A901204870052000F001FE13E004A80088142807DCA5
:20530000FFE703A9022048700A2000F0F5FD06E003A903204870142000F0EEFDFFE7FFE7CD
:20532000FFE703AB58788001C01D58700F49486800780968497D022200F0A8FE002804D076
:20534000FFE70020C04305900CE0084A082090720020019010730121117500F0F9FE0198EB
:205360000590FFE7059806B080BDC04694042020F0B597B03248109000683249119101F0C8
:20538000AFFA02F0B3FF119916902F481290006801F0A6FA02F0AAFF119902461098159282
:2053A000806801F09DFA02F0A1FF1199024612981492806801F094FA02F098FF13902348AB
:2053C0000078012830D1FFE72248006802F0C6FD0B900C912048006802F0C0FD0E900D91CB
:2053E0001E48006802F0BAFD04460D461C48006802F0B4FD0B9A0C9B06460F460D99002077
:205400000F900A9009900890079006900E98059704960395029401910090124802F05EF827
:205420000F980A49087008E01699159A149B13980090074802F052F8FFE717B0F0BDC046DF
:205440001803202000007A442C032020A0032020CCAC00009C05202094052020A0052020CA
:205460009805202010AC0000B0B58CB002910446029810990BAD2C700AAC2070099208A8ED
:20548000037007A8017004AA0021117003AA11700078082804D1FFE704A902200870FFE76B
:2054A00006A900200870FFE706A8007808A90978884252DAFFE70998009008990698C04318
:2054C0004018C1B20A20019003F074F80146009802F024FD019902F021FD05A8017003A882
:2054E0000078002822D1FFE706A8007808A90978491E88421ADAFFE705A80078002810D1A2
:20550000FFE70B9807A90B785908049A8A180699514340180AA90978C0B22022FFF782FB48
:2055200016E003A901200870FFE7FFE70B9807A90B785908049A8A180699514340180AA9AF
:205540000978059A3032C0B2D2B2FFF76BFBFFE70698401C06A90870A6E70CB0B0BD704703
:2055600080B52B4800682B490968FEF74BFF2A48007800281FD1FFE72848007800281AD114
:20558000FFE727490020086026490860264908602649086026490860264908601E4A117809
:2055A000491C1170244908601C490878401C087003F049FFFFE72148006802F097FE0028D6
:2055C00017D1FFE71E48006802F090FE002810D1FFE71C4800784A2805DCFFE719490878C9
:2055E000401C087004E018490878401C0870FFE703E0144900200870FFE71348007800289F
:2056000005D0FFE70C480068FEF7FEF9FFE780BD7C03202080032020DA052020DD05202041
:20562000800520207C0520207805202074052020BC052020C00520208C052020180320203C
:205640002C032020DC052020DB05202080B584B002A908803648807A002804D1FFE7002083
:20566000C043039061E032482421405C002804D0FFE70020C043039057E02D48007D00280F
:2056800015D0FFE702A8008800280CD0FFE702A80088282807DCFFE702A80088FFF7E8FDCB
:2056A0000020039041E00020FFF7E2FDFFE702A80088032804DCFFE702A9042008800BE0D6
:2056C00002A800881B49884205DBFFE77D20C00002A90880FFE7FFE702A801887D20C000B8
:2056E00002F01CFC401E01AB187011494868007809684978012200F0C9FC002804D0FFE7A0
:205700000020C043039010E001A80078411C7D20C00002F003FC01460548C181C0894008B0
:2057200000F0EAFB00200390FFE7039804B080BD94042020E9030000B0B5364A80184A687C
:2057400042600A78222A56D8930001A4E3589F46ED570000F7570000ED570000F75700002F
:20576000F7570000F7570000F7570000F7570000F7570000F7570000F7570000F7570000B9
:20578000F7570000F7570000F7570000F7570000DD570000F7570000DD570000F7570000CD
:2057A000F7570000F7570000F7570000F7570000F7570000F7570000F7570000F757000079
:2057C000F7570000F7570000F7570000F7570000DD570000F7570000DD5700000368032449
:2057E0002407A343012464071B1903E0036803242407A34303600B69C360CB68C46A064DA0
:205800002540064C1C402B19C362097A11430160B0BDC046041800008888FDFF7777020049
:20582000FCB50C005C40E40FE40710B4DD02540D2543D6025F007F0D60D00124E40725435A
:2058400007242402FF34A74250D0CB02440D2343C2024800400D51D00124E407234307241C
:205860002402FF34A04241D0C01901B41800290002F01EFD0F0001B41800310002F018FDEC
:2058800003000C001000310002F012FD06001000290002F00DFD05007618002202BC01BC4C
:2058A00055415141A419554151418024A4005B195141FF18514100D564003F19514102D4EB
:2058C0007F00494100E0401C03242402FF34001B14DD2419A04209D80305F80A4C05204339
:2058E0004900090B194310BC2143FCBD0020FF21C900C91D090510BC2143FCBD00210020DF
:2059000001B0FCBD80B584B002A908703548807A002804D1FFE70020C04303905FE002A898
:205920000078801E00900E2832D80098810001A040588746715900009159000079590000DC
:20594000915900009159000091590000815900009159000091590000915900009159000007
:205960009159000091590000915900008959000001A9002008700FE001A9082008700BE021
:2059800001A91020087007E001A91820087003E00020C043039022E01248407A01A909789A
:2059A000C908884203D1FFE70020039017E00D49486800780968C979012201AB00F066FB97
:2059C000002804D0FFE70020C043039007E001A80078C0080349487200200390FFE7039825
:2059E00004B080BD9404202080B586B00021019105912E4802F0CCFF01990246C820821A91
:205A000004A802700391007829490978884207D0FFE729490120087003F01CFD05903FE017
:205A20000598009003F016FD01460098401A00022049884233D3FFE71F48007801282ED1D2
:205A4000FFE71D49002008701C48007802A90870FFE702A8007804A9097888420CDAFFE797
:205A600002A801781648405CFEF758F9FFE70298401C02A90870ECE704981049087004A8D8
:205A8000007864280ADBFFE704A9002008700B4908700749087002F079F8FFE7FFE7FFE749
:205AA00004980349087006B080BDC04600A04240C605202000803801C5052020C405202094
:205AC00000002020F0B584B03049314A0125AC0316682B0203939E4316600E68264205D198
:205AE0000E68264202D10E682642F6D06C02467E9769AF432E40BD1995612025455DD669CD
:205B00000327BE433D407519D561224D2E680727374005262E60466A336813627368536266
:205B20002F60C3695B065B0CD5697F263602B543EB18D361E8C80097076801974768029702
:205B40001B071B0B2D03ADB2ED1833071B0D007A009E35431D43019B1D43029B1D430543D6
:205B600090690D4B03400D482840C01890611068039B184310600868204205D108682042B0
:205B800002D108682042F6D004B0F0BD04020B4008010B40001340408D00F0FF72FF0F0005
:205BA000F8B515462A4E0A0D771C3A40294B9A4213D00C46002A18D10122D207944304438F
:205BC00044D00022244BFFF72BFE0C4623498D4208DC234A234B214636E002460B46FDF7AB
:205BE0004EFEF8BD220D3A40363A5119B1420ADD03F09CFC222101600120C00704401D4887
:205C000021180020F8BD012904DB174A144009052143F8BD3522D24391420CDC03F086FCF5
:205C20002221016012488542E6DA0120C007044000202146F8BD0C4A144009051B2252052B
:205C4000891821430022094BFFF7EAFDF8BDC046FE070000FF07000000005043AF3CFFFFAA
:205C600059F3F8C21F6EA501FFFF0F800000903C51C300000000F07FFCB40127FF07794078
:205C800002E0FCB40127FF070C024D002D0E03D1002C52D1FCBC70473C43FF2D50D0A408A5
:205CA000002900D56442020243001B0E04D1002A43D10800FCBC70473A43FF2B41D09208F4
:205CC000002800D552425E1B04D5170022003C0076422B00192E06D527003741D2191C279A
:205CE000F71B7F42BC40002A27D002D55242012700E00027013B5200FCD51500802635408B
:205D00000FD01500202635402C43803208D21500402635402C4304D101263602B24300E071
:205D20005B1C5200023308DDFF2B0BD2500ADB051843FF073843FCBC70470020FCBC704765
:205D40000800C70FFF07FF20C0053843FCBC704780B58CB02848019003F05AF827480290D9
:205D600003F056F82648039003F04EF92548049003F04AF92448059003F046F9234806903C
:205D800003F042F92248079003F03EF92148089003F00AF92048099003F006F91F480A90BF
:205DA00003F086F91E480B9003F082F9019802F0F3FF029802F0F0FF039803F019F90498CE
:205DC00003F016F9059803F013F9069803F010F9079803F00DF9089803F0AAF8099803F02A
:205DE000A7F80A9803F04CF90B9803F049F9102003F03CFB0CB080BD00000A4000200A404B
:205E0000008086400000864000A08640004008400000094000000F4000200F4000801040B1
:205E20000020104080B584B002A9087031482421405C002821D0FFE702A80078002804D0EF
:205E4000FFE701A90220087003E001A900200870FFE72849486800780968497C012201AB6F
:205E600000F014F9002804D0FFE70020C04303903DE001981F49487436E01E48807A002815
:205E800004D1FFE70020C043039030E002A80078002808D0FFE71748407C002803D0FFE77D
:205EA0000020039023E002A80078002804D0FFE701A90120087003E001A900200870FFE7DA
:205EC0000C49486800780968497C012201AB00F0DDF8002804D0FFE70020C043039006E0FD
:205EE000019804494874FFE700200390FFE7039804B080BD9404202080B584B002A9088081
:205F00003048807A002804D1FFE70020C043039054E002A80088BC2804DBFFE701A901209C
:205F200008702BE002A80088622804DBFFE701A90220087021E002A800882A2804DBFFE7CF
:205F400001A90320087017E002A80088142804DBFFE701A9042008700DE002A800880A283B
:205F600004DBFFE701A90520087003E001A906200870FFE7FFE7FFE7FFE7FFE71148C07AD9
:205F800001A90978884203D1FFE70020039015E00C494868007809688978012201AB00F0FC
:205FA00075F8002804D0FFE70020C043039005E001980449C87200200390FFE7039804B0EF
:205FC00080BDC0469404202080B584B002A908802D48807A002804D1FFE70020C043039002
:205FE0004EE002A800880090FA2812D0FFE700987D218900884210D0FFE700987D21C90079
:2060000088420ED0FFE700987D21090188420CD00FE001A9002008700FE001A908200870A2
:206020000BE001A91020087007E001A91820087003E00020C043039022E01348007A01A9C8
:206040000978C908884203D1FFE70020039017E00D494868007809688979012201AB00F010
:2060600015F8002804D0FFE70020C043039007E001A80078C0080449087200200390FFE74B
:20608000039804B080BDC0469404202010B58CB00AAC207009A8017008A8027007930178F8
:2060A0000691079905910078002803D1FFE700200B9048E004A802F019FB09A8017823488F
:2060C000019003F050F80198022102F0DDFEFFE71E4803F09DF88006002801D4FFE7F7E750
:2060E0000AA8017808A80078431C1848002201F07FFBFFE7059906A80288144801F006F9F9
:20610000029002990698401A0690029905984018059003A802F0EAFA039804990A318842E1
:2061200006D3FFE700F09CFF0020C0430B900AE0FFE70648022102F007FF0028DAD0FFE766
:2061400000200B90FFE70B980CB010BD00200F4080B584B002A90870002000900878FE2227
:206160001040087028482421405C002803D0FFE70020039045E02448807A002804D1FFE704
:206180000020C04303903CE01F48017C01AA11700299827A11400174007C02A9097888424E
:2061A00004D0FFE70020C043009002E000200090FFE702A80078002805D1FFE71248007D1D
:2061C000002804D0FFE70120FFF72CFE03E00020FFF728FEFFE702A8007800280DD0FFE78A
:2061E000FCF79EFD002807D0FFE70198064908740020C043039004E0FFE7FFE70098039037
:20620000FFE7039804B080BD9404202080B588B006A908702A482422805C0978884203D1ED
:20622000FFE70020079047E006A8007800282AD0FFE723482521405C002804D1FFE700201C
:20624000C043079038E000200290FFF7EBFD0298FDF774F91A480390C08CFFF7F7F902993F
:20626000039805AB197040680078232101220492FFF70CFF0399049824228854FFF7D2FD0D
:20628000FCF74EFD15E000200190FFF7CBFD0C480090017C05AB197040680078232101223B
:2062A000FFF7F4FE0099019824228854FCF738FDFFE700200790FFE7079808B080BDC0465D
:2062C0009404202080B586B004AB188003A8018002920298002804D1FFE70020C04305903F
:2062E00040E02248807A002804D1FFE70020C043059037E004A8417801A80170049941709B
:20630000407803A909884018184949684989884204DDFFE70020C043059023E013494868F4
:2063200000780968C97E022201ABFFF7AFFE002804D0FFE70020C043059013E00B49486829
:2063400000780968097E03AA1278029BFEF7F4F8002804D0FFE70020C043059002E000207C
:206360000590FFE7059806B080BDC0469404202080B586B004AB188003A801800292029828
:20638000002804D1FFE70020C043059040E02248807A002804D1FFE70020C043059037E02C
:2063A00004A8417801A8017004994170407803A909884018184949684989884204DDFFE74E
:2063C0000020C043059023E01349486800780968C97E022201ABFFF759FE002804D0FFE7C7
:2063E0000020C043059013E00B49486800780968097E03AA1278029BFFF748FE002804D072
:20640000FFE70020C043059002E000200590FFE7059806B080BDC04694042020F0B58B4281
:2064200000D1824204D90B0002000021002040E0002B00D1002A0CD10B000200002100202B
:20644000002B00D1002A01D0C943C043FFF787F82FE01C0015000B0002000CB4002126006D
:206460002F00FF19764102D2491C4029F9D100201E001700FF19764102D2401C4028F9D12C
:206480000E1A21002800320002F03AFB0C0005000CBC00200021A34200D1AA4201D3521B35
:2064A000A341404149416D08E7073D436408761EF1D5059F002F01D03A607B60F0BD7047C7
:2064C00010B584B00120009001072248019002F013FE009902460198531E9A411E4B039347
:2064E0001A70C90702F008FE039A014601984B1E99415170042102F0FFFD039A014600983A
:206500004B1E99419170C1041448029002F0F4FD0099039B02460298541EA241DA7089045C
:2065200002F0EAFD039A014601984B1E99411171802102F0E1FD039A014602984B1E99410E
:206540005171402102F0D8FD0399421E9041887104B010BD00000A402305202000200A40EE
:2065600080B584B002A9087023482322805C0978884203D1FFE7002003903AE002A800780F
:20658000002804D0FFE701A93020087003E001A900200870FFE71848807C002806D0FFE75C
:2065A00001980221084301A90870FFE712482221405C002806D0FFE701988021084301A980
:2065C0000870FFE70C49486800780968C97D012201ABFFF75BFD002804D0FFE70020C04307
:2065E000039006E0029804492322885400200390FFE7039804B080BD9404202080B588B0B0
:2066000007AA107006A801700078002806D0FFE705A9402008700798487005E005A900203E
:20662000087007984870FFE704A802F05FF81848029005A90222019200F068FE01990298CF
:2066400002F02EFCFFE7124802F0ECFD8006002801D4FFE7F7E70E483C210022022301F0D1
:20666000EFF8FFE70A48022102F07AFC00280DD1FFE703A802F03AF8039804990A31884278
:2066800003D3FFE700F012FE00E0EBE708B080BD00000F4080B588B0014606A801801D49FF
:2066A00005911D4904911D4903910088C92804DBFFE70020C043079029E006A80188C8202F
:2066C00001F02CFC411E02A8018040786A4610700298507012480221FFF74AFE002804D01E
:2066E000FFE70020C043079011E00E480C2103AAFFF73EFE002804D0FFE70020C04307900B
:2067000005E006980849888100200790FFE7079808B080BDBBAFDFDFAAF1DFDFFEF2ABC48B
:2067200016020000C10A0000FC04202082B00190019800214056012804DBFFE76946002066
:2067400008803AE0019800214056002804D5FFE76946042008802FE001980121405601287C
:2067600004DBFFE769460120088024E0019801214056002804D5FFE769460520088019E06B
:20678000019802214056012804DBFFE76946022008800EE0019802214056002804D5FFE739
:2067A00069460620088003E0694607200880FFE7FFE7FFE7FFE7FFE7FFE76846008802B0EF
:2067C0007047000080B586B0059005981E49884203D3FFE71D480590FFE7059950204843FF
:2067E000059000200090049002F034FE014600980391029001A90870FFE702F02BFE0290E2
:2068000002980399884204D9FFE701A901200870FFE701A80078002807D0FFE70398029950
:20682000401A0B494018049004E003980299401A0490FFE704980599884201D3FFE700E032
:20684000DBE706B080BDC0463433030033330300FFFFFF0080B584B01E491F48039002F0F1
:206860003FFA03981D49FEF781FC03980023019319461A4601F04AFC019B039800931946FB
:206880001A4602F0CDFB019A0398114602F01AFA019A0398114602F08BFD019B03980121EB
:2068A0000291009119461A4602F0BAFB0199029A039802F007FA0199029A039802F078FD52
:2068C000039802F0E1FC0398032102F0E7FC04B080BDC0464AAD00000080864008AD0000D1
:2068E000FCB40127FF0706004E4001D4002600E03E00020243001B0E30D03A43FF2B30D0F6
:206900000C024D002D0E29D03C43FF2D29D05B194240504042404C4061404C4000B501F0DD
:20692000C7FC20BCAE464240504042404C4061404C4025001400002C01D46400013B8034E9
:2069400001D3013364087E3B08DDFF2B09D2BC43200ADB0518433043FCBC70470020FCBC02
:206960007047FF20C0053043FCBC704780B586B005900598C078C021084003A908700598DB
:20698000C0783F21084004A9087005984078C007002819D0FFE704A80178C90802AA1170BC
:2069A000007807210840401C01A9087011480068002808D0FFE70F48026802A8007801A93D
:2069C00009789047FFE7FFE705984078000700280DD5FFE707484068002807D0FFE705481E
:2069E000416803A8007880098847FFE7FFE7002006B080BDFC04202080B58AB009900891B3
:206A000008980999FFF738F9014617480590016016490968039100680190154906910968AE
:206A2000FFF72AF90199029012480068FFF758FF0299024603980492FFF752FF0499FFF714
:206A400020F901460C4807900068FFF71AF90599069A03460798036009681160006801F0B6
:206A600045FC0AB080BDC04674032020A005202078052020980520208005202080B58AB06E
:206A80000990089108980999FFF7F6F8014617480590016016490968039100680190154947
:206AA00006910968FFF7E8F80199029012480068FFF716FF0299024603980492FFF710FFE6
:206AC0000499FFF7DEF801460C4807900068FFF7D8F80599069A0346079803600968116082
:206AE000006801F003FC0AB080BDC046780320209C05202074052020940520207C05202052
:206B000070B582B0024601A80270009100214056002816D4FFE7002401A908570322D34313
:206B20001840174A805809578C07E50EFF24AC40A043009CA401E4B2AC4020431940885095
:206B40001AE001A908780F24204008380322D34318400A4A8058002549578D07EE0EFF2506
:206B6000B540A843009DAD01EDB2B54028432140083919408850FFE702B070BD1CED00E06A
:206B800000E400E0FCB40127FF0706004E40F60FF607020243001B0E2DD03A43FF2B2DD0AC
:206BA0000C024D002D0E26D03C43FF2D26D05B1B0020202164085208A2424041A24200D3EF
:206BC000121B013904D0002A01D05200F4D18840384201D14000013B803001D3013300E040
:206BE00040007F3307DDFF2B08D2400ADB0518433043FCBC70470020FCBC7047FF20C005E1
:206C00003043FCBC70470000F8B5451C00780023082B32D02F78C2070CD16A780F241440FE
:206C2000E41C122C0BD102242E57F4B2002E08D4EE1C0EE06D1C4A1C0F7011461AE0AE1C5E
:206C400008E02E1DED7800957F252C40009DED012C1912343D0112095219094DAA420ED0FD
:206C6000D243002C05D08D5C4F1C0D70641E3946F7E7354640085B1CCAE72846C5E7F8BD94
:206C8000FF0F0000FEB502930F46194D0024E143184E00973740019043422B46BB4101D2D1
:206CA0000C4623E0084602990E405342B54101D204461BE0134601990B433E431E43029DE3
:206CC000009E13D02B46334004D401998B1A3346AB4103E00199531A2B46B341044605DB5A
:206CE00051406E400E43701E864134462046FEBD0000F07FFFFFFF7F014661391A2970474E
:206D00000CB41B4B4A00D21A1BD2000D0A03104301221202801802D3400812038918400AD1
:206D2000002902D50122D20710434900490D38221201891A0CD4FF290DD2C90508430CBC8D
:206D40007047DB431A40024305D0D8430CBC704700200CBC7047C90FC907FF20C0050843DA
:206D60000CBC7047C046C046C046C046C046C0460000E0FF83B001901A48407A00900328F6
:206D80001CD80098810001A0405887469D6D0000A56D0000AD6D0000B56D000001990220CC
:206DA00008700FE00199042008700BE001990820087007E001991020087003E00020C043E2
:206DC00002900CE00748C07C002805D0FFE70199087840000870FFE700200290FFE70298DD
:206DE00003B0704794042020B0B586B005AC207004A80170039202A8037001A90020087064
:206E0000FFE7039801A90978405C002822D0FFE705A8007804A90978039A01AD2B785C1C71
:206E20002C70D25C02AB00931B78FDF7FBFE00980078082805D1FFE70598801D05A908706C
:206E400007E002A8007841080598401805A90870FFE7D6E706B0B0BD80B584B003A90020CA
:206E60000870FFE703A80078072828DCFFE70398B030C0B200210191FFF7C0FB019908463F
:206E8000FFF7BCFB01991020FFF7B8FB019802A90870FFE702A800787F280ADCFFE700207B
:206EA0000121FFF7ABFBFFE70298401C02A90870F0E7FFE70398401C03A90870D2E704B0D0
:206EC00080BD000080B584B015491648039001F007FF03981449FEF749F903980023029344
:206EE00019461A4601F012F9029B0398009319461A4602F095F8029A0398114601F0E2FE6F
:206F0000029A03987D21090202F052FA039802F0BBF90398012102F0C1F904B080BDC046B2
:206F20004DAD00000000864010AD0000F8B50446164F174D0E462E400120009464423C4675
:206F4000B4411AD31D405442AF4116D31046009C20433543054311D00020C0431C460C40BC
:206F60000ED4009CA41A0C469C4106DB0098504059400143481E81410846F8BD0020F8BDC0
:206F8000009C141B1C468C41F0DAF6E70000F07FFFFFFF7FF8B51C4617460E46054602F068
:206FA00036FA0021012E03DBB04201DBA919491E002F04D02268531E23602E2313703246AF
:206FC000824206DD23685F1E276030271F70521EF6E7B04200DB3046012808DBA9420BD330
:206FE00008782268531E23601070491EF6E72068411E216030210170F8BD80B582B0014642
:2070000001A801706A46002111700078C007002806D0FFE700983021084369460870FFE7A0
:2070200001A800788007002806D5FFE700980C21084369460870FFE701A800784007002812
:2070400006D5FFE700980321084369460870FFE72920C00001216A46FFF78AF902B080BD18
:2070600080B584B003A90020087000F067FEFFE701200190C10300911148029002F0A9F8A3
:20708000019802F0ADF90099029801F0D9FE019802F0A6F901990298090402F04EF80028F9
:2070A00001D0FFE708E0FFE70398401C03A90870C0B26428DCDBFFE700F0E2F904B080BDD9
:2070C00000000A4010B5FFF731FF002801D0002010BD012010BDC04610B5FFF727FF002898
:2070E00001DB002010BD012010BDC04610B5FFF71DFF002801DD002010BD012010BDC04615
:2071000010B5FFF7BFFD002801DA002010BD012010BDC04610B5FFF7B5FD002801DC002082
:2071200010BD012010BD000010B501F0A3F8002801D0002010BD012010BDC04610B501F0B3
:2071400099F8002801DB002010BD012010BDC04610B501F08FF8002801DD002010BD012068
:2071600010BDC04610B501F049F8002801DA002010BD012010BDC04610B501F03FF800284C
:2071800001DC002010BD012010BD000080B582B0144802F0C8F8002821D0FFE712480078F1
:2071A000401E0190032819D80198810001A040588746C046C5710000CB710000D1710000EA
:2071C000D7710000FBF730F908E0FAF701FB05E0F9F732FF02E0FEF7C3F9FFE7FFE702B060
:2071E00080BDC04600400840E305202080B588B0014606A80170007800280ED0FFE703AAB8
:207200005D2010720F4804900F4803909720C0000921FFF7ADF807900DE06A46C7201072C1
:2072200006480190064800909720C0000921FFF79FF80790FFE7079808B080BDB088C3C592
:20724000B8AAAAAAB4980D35B8AAB38D82B001901548007A009003281FD80098810001A042
:2072600040588746757200007D72000087720000917200000199FA20088012E001997D2072
:20728000800008800DE001997D20C000088008E001997D200001088003E0019900200880AD
:2072A000FFE7002002B070479404202080B584B003A90020087000F065FDFFE712480190B7
:2072C0000221009101F08FFF0120029001F02AF90099019801F0C0FD029801F023F9019894
:2072E000029901F035FF002801D0FFE708E0FFE70398401C03A90870C0B26428DEDBFFE769
:2073000000F0CAF904B080BD00000A40F0B581B0002A22D091235B01C3180F200402901EBF
:207320000090561E0020DF6927421BD00F5C1F60864210D0DF69274211D00F187D781D60D0
:20734000009D854207D0DD6925420AD0BD781D60C01C8242E7D1104604E0002002E0401CC9
:2073600000E0801C80B201B0F0BD000080B582B012491348019001F0E8FF0198114900F098
:2073800029FC0198002101F0ABFB019815212D2200F0CCFA019801F067FE0198702101F099
:2073A0005BFA0198022101F06BFA019801F0F1FE019801F0E3FE02B080BDC04656AD00008A
:2073C00000801040F4AC000080B5FEF7C1FCFBF753F900F069FBFFF73DFAFFF773FD01F040
:2073E00001F900F0CFFE00F079FD00F0D1F800F0A3F8FFF7BBFF00F07DFB02F093F801F0A6
:20740000DFFF05499C22002088540449B823C8540349885480BDC04624022020C800202069
:207420008401202070B514460F4D0B462B40002222600E4EB34215D81E46064312D01E0D54
:2074400007D100220A4BFEF7EBF90D403522D2432B461B0D9A18074BD2182260064A0A40A8
:207460000649511870BDC046FFFFFF7FFFFFEF7F0000504302FCFFFFFFFF0F800000E03FFE
:2074800080B588B01448069001F076FD0023079301930120C00402900090252004900421D3
:2074A00003911A4600F0BAFD02980399079B01930090242005901A4600F0B0FD049801F0D2
:2074C0004BFB059801F048FB069801F019FD00F033F8079808B080BD00200F4083B01EB5CC
:2074E00005AC0EC401900F48006880470E4A9069401C0DD005A902910C48009018320C4BA2
:2075000001A8F8F7DDFD04460A480068804704E00848006880470020C44320461EBC02BCA6
:2075200003B00847AC052020A4032020459500003D950000B005202080B582B012491348B3
:20754000019001F012FA01980321490201F0FAF9019801F0B1FC019801F078FE01980921B7
:2075600001F02EFD01980021009101F04DF90099019801F035F9019801F0B6FC019801F056
:20758000A7FC02B080BDC046AEA9000000200F4080B582B012491348019001F0E6F9019876
:2075A0000321490201F0CEF9019801F085FC019801F04CFE0198092101F002FD0198002158
:2075C000009101F021F90099019801F009F9019801F08AFC019801F07BFC02B080BDC046E4
:2075E000BAAC000000000F40F0B587B00191064602AD0020E874123537460A24384621461A
:2076000000F076F84443391BCA175140891A3031297009376D1E122F0746EED8002E01D400
:207620006D1C01E02D20287002A8441B224614320198294601F07EFF1334204607B0F0BDBD
:20764000F0B5FFB086B01C4615460246A868002801D50620A8602368039304AB009001936B
:2076600005A80B46FCF730FE0646049FAA683946234600F03FFF20680399814201D00122F9
:2076800002E028680007C20F304639462346FFF781FC7FB006B0F0BD80B588B013480690DF
:2076A00001F076FC00230793019301200590C004039000900321049118461A4600F0CCFC4A
:2076C000039A04990598079B019300921A4600F0C3FC079801F04EFA059801F04BFA0698B3
:2076E00001F01AFC079808B080BDC04600000F401CB5002922D04C08002900D5494242107F
:207700005440002800D5404200230A00904201D95200FBE790425B41904200D3801A9142C9
:2077200001D25208F6E71900002C00D54042640000D549420200080011001CBD01000020CA
:20774000FCF761F91CBD000080B582B00190FFE701980E49FFF710FD002806D0FFE70198B5
:207760000D49FEF78EFA0190F2E7FFE701980849FFF7E4FC002806D0FFE701980549FEF766
:2077800080FA0190F2E7019802B080BD00003443000034C30000B4430000B4C37CB5154615
:2077A0000C460646C01731464140081A009200210A226423F9F71AF930460930122808D808
:2077C000DF202040502804D02868411E296030210170002E01D42B2000E02D2029684A1E50
:2077E0002A6008702868411E296004707CBD000010B586B00192024601980592049103AA1A
:20780000107002A803800598094940180499490012781143074A00F07FFF059806494018AD
:2078200002990904C91D054A00F076FF06B010BD10120000FF070000141200000700FF0F20
:2078400010B586B00192024601980592049103AA107002A803800598094940180499490006
:2078600012781143074A00F06BFF05980649401802990904C91D054A00F062FF06B010BD8A
:2078800010120000FF070000141200000700FF0F80B584B003900291039801F0BFFD6946FF
:2078A000088001A900200880FFE701A800886946098888420DDAFFE7039801A90988415C8D
:2078C000064801F0CDF8FFE70198401C01A90880EBE76846008804B080BDC0460020104028
:2078E000F0B581B00646536894689589D0890090176950691C432C433C43009B184300012B
:2079000020430B01F3180924640218511078527889007118024304480B58BF24A34322406E
:207920009A180A5001B0F0BD1011000080B584B003900291019203980B49401802990B4A63
:2079400000F012FF03980A49401801993F2200F00BFF0399074A881889580122114000F019
:2079600003FF04B080BDC04610110000FFFF0000141100000411000080B582B001A9002084
:207980000870012001060E4801F0CCFBC001002812D4FFE7142000F0C5FDFFE70120010690
:2079A000074801F0BFFBC001002801D4FFE7F5E701A901200870FFE701A8007802B080BD14
:2079C00000200A4080B582B001A900200870012001050E4801F0A6FBC002002812D4FFE7CF
:2079E000142000F09FFDFFE701200105074801F099FBC002002801D4FFE7F5E701A901209A
:207A00000870FFE701A8007802B080BD00200A4080B584B00020029001900390FFE70398CE
:207A2000062813DCFFE7039A91000A4841580A48805C484300F0C4FB01460198FEF721F9D3
:207A40000190FFE70398401C0390E8E7019804B080BDC046C00420202305202080B582B0F3
:207A60000D48002101F09CFC00F0A4FF0B4A0C4BFDF7D6FE00F064F8014601A801800088BB
:207A80000849884204DBFFE701A900200880FFE701A8008802B080BD00A08640C3F5285C0C
:207AA0008FC2C53F7117000080B582B00020019001F092FA01200090400200F0C1FF019818
:207AC00001F0D6F801F05CFC01F0CAFB0848FDF7F9FF102001F0DAF801F0CCFB019800F078
:207AE00097F900980199FFF70BF802B080BDC046C0AB000080B582B00E490F48019001F0D4
:207B000024FC01980D4900F065F80198002100F0E7FF0198412189001B22FFF707FF019823
:207B20000121890201F094FA019801F027FB02B080BDC04658AD000000201040FEAC000059
:207B40000CB54A00520D03231B02FF33D21A13D31F239A1A12D98E46C9020123DB07194392
:207B6000D1400B2A02D21532D04001437346002B00D5494208000CBD00200CBD0B00012026
:207B8000C007002B00D401380CBD000080B582B00D4800900021019100F0AEFE0098019950
:207BA0000A4A00F009FE00980199094A00F0F0FD00980199C82200F085FC0098019900F069
:207BC000AEFE02B080BDC04600A04240243110400000202070B511221302C218C458012574
:207BE000AC43C4500C888D7825438C882C43C558084E2E40084D25407419C4508879CB797D
:207C00000343087A184351687E23994318400818506070BDE798FDFF1867000080B582B055
:207C200001A9002008700E48802101F07BFA0006002811D4FFE7142000F074FCFFE70848E2
:207C4000802101F06FFA0006002801D4FFE7F6E701A901200870FFE701A8007802B080BD2A
:207C600000200A4080B582B00D4801F065FB014601910B2804D0FFE7019810280AD00CE030
:207C8000074801F015FB074B1A78511C19700649885403E0FFF77AFFFFE7FFE702B080BD82
:207CA00000201040E50520200000202080B582B0014601A80170007800280AD0FFE7694613
:207CC0002020087028204870302088703820C87002E006480090FFE7054804216A46FEF757
:207CE00047FBFBF71DF802B080BDC046A3A3A3A39E0A000080B582B0014601A801700078D2
:207D000000280AD0FFE76946C0200870C2204870C4208870C620C87002E006480090FFE73A
:207D2000054804216A46FEF723FBFAF7F9FF02B080BDC0468B8B8B8B980A000080B586B0F7
:207D40000E4801F019F9242001F03EF800220592009201200290C3042520114600F0FEFA16
:207D60000298C10304910648039001F032FA0398049900F0EDFF059806B080BD00200F40FF
:207D800000000A4080B586B00E4801F001F90120029001F025F80298002205920092C30480
:207DA0001046114600F0F4FA074803900221049101F019FA0398049900F0D6FF059806B04A
:207DC00080BDC04600000F4000000A4082B000200090FFE7009806280FDCFFE700990B487C
:207DE000405C002804D0FFE701A90020087008E0FFE70098401C0090ECE701A9012008705B
:207E0000FFE701A8007802B07047C0462305202010B50E490E4A01235C05906008682042C9
:207E200005D10868204202D108682042F6D010681B04034313600868C00605D40868C0069A
:207E400002D40868C006F6D510BDC04604020B4004010B4080B586B0059004A80190018019
:207E600005987D21C900FFF743FC0146019800884843029002A8C17803AA117040885070AB
:207E80000298000A90700298D070572080000421FEF76EFA06B080BD80B582B0014601A8A1
:207EA00001700078002804DCFFE701A90120087009E001A80078052804DBFFE701A90420DE
:207EC0000870FFE7FFE70198401E6A461070FF2050300121FEF74CFA02B080BD80B582B0E5
:207EE0000B490C48019000F0FBFE01980A49FDF723FC01980121009100F0D6FE0099022096
:207F0000FEF7FEFD019801F0BFF902B080BDC04653AD00000000094084AC00001CB50A00E6
:207F200017D000230124E407A04200D20400944201D95200FBE790425B41904200D3801ADE
:207F4000914201D25208F6E719000200080011001CBD01000020FBF756FD1CBD08B44300F9
:207F60001B0E0FD0FF2B11D00721C9015B18C10FC9020B43010048074902090B1B05194375
:207F800008BC70470021002008BC704701004002C90DC900C91D090508BC704710B50E493D
:207FA00002788B185B78401CDB06F9D400212D2A04D02B2A02D0401E134600E00378303BD7
:207FC000092B04D80A244C431919401CF6E72D2A00D14942084610BDB0A9000080B584B0D9
:207FE00003900398FEF7A2FB02A9019108800398C01CFEF79BFB0199C20002981043088029
:208000000398801DFEF792FB014601988A01029911430180008804B080BD000010B584B059
:20802000079C069C039002910192009302980199084300990843069908430799084304492A
:20804000084303998900034A885004B010BDC046800004000480424010B584B0079C069C3C
:20806000039002910192009302980199084300990843069908430799084304490843039948
:208080008900034A885004B010BDC046800004000480424010B584B0079C069C03900291BD
:2080A000019200930298019908430099084306990843079908430449084303998900034A58
:2080C000885004B010BDC046800004000480424070B50D4D41190F2212020123DC024659F8
:2080E00080231E43465148681040A04207D048681040A04203D048681040A042F3D1086861
:208100009843086070BDC0463812000010B586B001930B4601460198059104A90B8003AB63
:208120001A8002AA10800598054C001909881B88194312881143034A00F016FB06B010BD13
:208140000418000080FF000080B584B003AA0092107002A801700298B030C0B200210191A2
:20816000FEF74CFA00980199007800091030FEF745FA0098019900780F221040FEF73EFA45
:2081800004B080BD80B582B00A490B48019000F0A7FD01980949FDF7CFFA0198012100F069
:2081A00083FD10200021FEF7ABFC019801F06CF802B080BD50AD00000040084070AC0000D4
:2081C00006B49E22002802D404D106BC7047414204D400E00100013A4900FCD5803101D3C3
:2081E000013200E04900490AD2051143002802D50122D2071143080006BC704740B542009E
:208200004B005E08164301D006004E4000D4D01A04D20120C90F06D1404204E003D9012028
:20822000C90F00D04042FF263606B24200D8B34201D90120404240BD70B50A480A4C8442E5
:208240000CD00A4D0A4EB54208D02A686968501C12789200A25890470835F4E700BF00BF72
:2082600070BDC046DCAD0000D0AD0000E4AD0000F4AD000040B542004B005E08164301D081
:2082800006004E4000D4D01A04D20120C90F06D1404204E003D90120C90F00D04042FF2634
:2082A0003606B24200D8B34200D9012040BD0000FCB4020C0B0CFF242402FF3420402140B8
:2082C0000C00444315005D4306005E430F005743320C3B0CA818C01832043B040025A11896
:2082E0006841C9186841FCBC7047000006B54100090E7F390DD41F22511A0CD986460002D1
:208300000122D2071043C8407246002A00D5404206BD002006BD02000120C007002A00D43F
:20832000401E06BD82B0F8B5069207930291019006A9039107480090074B02A801AAF7F730
:20834000BFFE019900220A7004B080BC02BC02B00847C046E1900000E594000010B584B092
:20836000069C03900291019200930298019908430099084306990843034908430399890006
:20838000024A885004B010BD810004000480424010B584B0069C039002910192009302982C
:2083A0000199084300990843069908430349084303998900024A885004B010BD8100040024
:2083C0000480424010B584B0069C0390029101920093029801990843009908430699084363
:2083E0000349084303998900024A885004B010BD810004000480424084B0029001910092A7
:2084000002980099884203DDFFE7009803900AE002980199884203DAFFE70198039002E0B5
:2084200002980390FFE7039804B0704782B000900A482421405C002804D0FFE70020C04329
:20844000019007E00548C08900990880FFE700200190FFE7019802B07047C0469404202090
:2084600080B584B0014603A80190018000880521FFF754FD014601980180407802AA107055
:2084800003985070AD2040000221FDF771FF04B080BD80B584B0014603A801900180008807
:2084A0000521FFF73BFD014601980180407802AA1070039850702B20C0000221FDF758FF4F
:2084C00004B080BD85B000920A460099019202460198049203AA107002A801800088049974
:2084E000127812018918024A885005B07047C0460C120000F8B51C4615460646571800F075
:2085000086FF711E012D0CDB3022012F02DB874200DCCA5D23685E1E26601A707F1E6D1EC8
:20852000F0E7F8BD80B582B0019000200090FFE700980749884208DCFFE70198FEF742F9DC
:20854000FFE70098401C0090F2E702B080BDC046E703000080B584B0014603A80180008895
:208560000521FFF7DBFC014602A80180407801AA107002985070EF2040000221FDF7F8FEFD
:2085800004B080BD80B584B0014603A8018000880521FFF7C3FC014602A80180407801AAD6
:2085A000107002985070ED2040000221FDF7E0FE04B080BD83B002AA107001A80170012014
:2085C0000090FFE701AA1078411E1170002806D0FFE702A80078009948430090F2E70098E7
:2085E00003B0704780B582B006490748019000F077FB01980549FCF787FA019800F044FEF3
:2086000002B080BD55AC000000A08640BCAC000081B001466846017000214056002809D449
:20862000FFE7684601781F2001400120884002490860FFE701B0704780E200E081B0014609
:208640006846017000214056002809D4FFE7684601781F2001400120884002490860FFE730
:2086600001B0704700E100E081B001466846017000214056002809D4FFE7684601781F2032
:2086800001400120884002490860FFE701B0704700E100E004B40422002802D1002104BC34
:2086A000704701D50832404212021F320100521E4900FCD30805090B1205114304BC704780
:2086C00080B582B001900091FFE7074800F0E4FC002801D0FFE7F8E701A80178024800F0F2
:2086E000BFF9019802B080BD0020104082B000900098002803D1FFE70120019006E00548A9
:2087000000680099086000200190FFE7019802B07047C0469803202084B003900291019289
:20872000039800680090009801998843009000980299019A114008430399086004B0704740
:2087400084B0039002910192039800680090009801998843009000980299019A11400843A2
:208760000399086004B0704784B003900291019203980068009000980199884300900098E5
:208780000299019A114008430399086004B0704784B0009202460098039202AA117001909F
:2087A00001980399127812018918024A885004B07047C0460812000084B0009202460098F1
:2087C000039202AA1170019001980399127812018918024A885004B07047C0460412000028
:2087E00080B584B0019101460198039102A908800398044A8018098807221202FFF7B4FFDF
:2088000004B080BD3812000080B584B0019101460198039102A908700398044A8018097889
:208820000722FFF7A1FF04B080BDC0463812000081B000900549042008600098401E04495A
:20884000086004490020086001B0704710E000E014E000E018E000E080B584B001910146B5
:208860000198039102A908700398044A801809787022FFF779FF04B080BDC0460C11000092
:2088800080B584B0019101460198039102A908700398044A801809780722FFF765FF04B00D
:2088A00080BDC0460C11000002B49E21002805D401D102BC704701394000FCD5803001D3CC
:2088C000013100E04000400AC905084302BC7047084880F3088800BF00BF00F059FE00282E
:2088E00001D0FFF7A9FC0020F8F7D2F8012000F03CFEC0460080202083B00091014600987F
:20890000029101A90870029809780901411809204202885802239843885003B0704783B062
:20892000009101460098029101A908700298097809014118092042028858022318438850EF
:2089400003B0704780B584B0019101460198039102A90880039809225202801809880322A3
:208960005202FFF701FF04B080BD70B50122120383180C785D680C26B54334402C195C60DC
:20898000497883580724A34321405918815070BD83B0009101460098029101A90870029868
:2089A0000978090140180249405880B203B070470C120000002801D10021704704B4042287
:2089C00012021F320100521E4900FCD30805090B1205114304BC704730B514004C432500F9
:2089E0001C0044436419050010002900FFF760FC001904000D002100280030BDB0B50446B8
:208A00000020002B08D0D2B20D782570954204D0641C491C5B1EF7D1B0BD601CB0BD00006E
:208A200082B00190009100980349084301998900024A885002B07047800004000480424079
:208A400080B582B0014601A8018001880F2002020248FFF789FE02B080BDC04604010B4076
:208A6000064A80180268120605D50268120602D502681206F6D481617047C0460811000055
:208A800080B5064800F04FFC002805D0FFE7FCF7ABFFFCF76DFCFFE780BDC04600000940CA
:208AA00010B5002A0AD003780C78A34204D1491C401C521EF7D11C46181B10BD002010BDEC
:208AC00082B001900198002804D5FFE701984042009002E001980090FFE7009802B07047B6
:208AE00080B582B001900091019811210902401800990322D203FFF737FE02B080BD000012
:208B000018B520239B1A04D8010000205B42994004E004009140DC402143904018BD00003F
:208B200082B001900091009B0199034A88581843885002B07047C0464810000082B00190C2
:208B40000091009B0199034A88581843885002B07047C0464810000081B00090009881004E
:208B6000034A885801235B061843885001B070470480424081B0009000988100034A88589B
:208B800001235B061843885001B070470480424081B0009000988100034A885801235B0623
:208BA0001843885001B070470480424082B001900091009B0199034A88581843885002B079
:208BC0007047C0462810000082B00190009100988021084301998900014A885002B0704719
:208BE0000480424082B001900091009B0199034A88581843885002B07047C0469013000074
:208C000082B001900198044940580221084000906846007802B070473412000082B0019080
:208C20000198044940580221084000906846007802B070473412000081B000900098044940
:208C400040580F2108404142484101B07047C0463C12000081B001466846017001783020DC
:208C600048430249405801B07047C0460011404080B582B0014601A80170017802480322D7
:208C8000FFF772FD02B080BD00010B4080B582B0014601A80170017802483022FFF764FD00
:208CA00002B080BD04010B4082B001900091009B0199034A88581843885002B07047C0461D
:208CC0002810000010B592008018044A83580724A404A34321405918815010BD30180000D3
:208CE00010B50122120383180C789C604B7883508978014A815010BD0C11000080B582B058
:208D00000190044800680199FCF7B6FFFEF71CFD02B080BD9C03202080B5054800780028CE
:208D200004D0FFE70120FFF79FFCFFE780BDC046E405202080B50449012082020348C82318
:208D4000FBF7C0FD80BDC046A0950000F60B000082B00190009100980199024A885002B08F
:208D60007047C046D012000082B00190009100980199024A885002B07047C046D012000059
:208D800082B00190009100980199024A885002B07047C046D012000081B00090009901205D
:208DA000C2020248885001B07047C0460100002682B0019000910198024940580099084087
:208DC00002B070473810000081B0009000988100024A8120885001B07047C04604804240CF
:208DE00081B0009000988100024A8120885001B07047C0460480424081B000900098810086
:208E0000024A8120885001B07047C0460480424081B000900099024A0248885001B07047E9
:208E200004080000030000B182B00190009100980199024A885002B07047C04690120000B7
:208E400082B00190009100980199024A885002B07047C0469012000082B00190009100986B
:208E60000199024A885002B07047C0469012000082B001900091009B01999D2042018858BA
:208E80001843885002B0704782B00190009100980199024A885002B07047C04648100000C5
:208EA00082B00190009100980199024A885002B07047C0464810000081B0009000990920BE
:208EC0004202885801231B021843885001B0704781B000900099034A8858012318438850B4
:208EE00001B070472812000081B000900099034A885804231843885001B07047281200004D
:208F000081B0009000990120C2020248885001B07047C0460100002681B0009000990120E0
:208F2000C2020248885001B07047C0460100002681B0009000990120C2020248885001B0A4
:208F40007047C0460100002682B0019000910198024940580099084002B0704730100000D3
:208F600082B0019000910198024940580099084002B070473010000081B000900099024AF1
:208F80000248885001B0704704080000030000B181B000900099024A0248885001B0704757
:208FA00004080000030000B181B000900099024A0248885001B0704704080000030000B101
:208FC00082B001906846017000780199014A885002B070472412000081B001466846017044
:208FE00000780249086001B07047C04608030B4081B0009000990120C2020248885001B070
:209000007047C0460100002681B000900099024A0248885001B0704704080000030000B17C
:2090200010B5029CA400001911431943014A815010BDC0465018000081B000900099034A62
:20904000885801231843885001B070470418000082B00190009100980199024A885002B0F9
:209060007047C0465810000081B00090009911200202885801235B041843885001B070473E
:2090800081B0009000990120C2020248885001B07047C0460100002681B000900098034935
:2090A00040580121084001B07047C0460811000081B000900099024A0248885001B07047F7
:2090C00004080000030000B180B5034A03480021FEF706FC80BDC04658AC000000A0424082
:2090E000B0B514460D460146286800F023FA2868001928602046B0BD82B001900091019889
:209100002721C90140580099084002B0704782B00190009101982721C901405800990840E3
:2091200002B0704782B00190009101982721C90140580099084002B0704782B00190009191
:2091400001982721C90140580099084002B0704782B00190009101982721C9014058009952
:20916000084002B0704782B00190684601700078019991225201885002B0704781B0009042
:20918000009911200202885801231843885001B0704781B0009000991120020288580423CC
:2091A0001843885001B0704703228058002805D0401E4A1C00230B701146F7E7704782B09A
:2091C000019000910098019995225201885002B0704782B001900091009801999522520160
:2091E000885002B0704782B0019000910098019995225201885002B0704782B00190009109
:209200000098019995225201885002B07047000081B0009000980249405801B07047C04627
:209220001812000081B0009000980249405801B07047C0461812000081B00090009802498C
:209240004058C0B201B070471C12000081B000900099024A0020885001B070471412000042
:209260000349086801221202904308607047C04608010B4003490868012212031043086000
:209280007047C04604010B4081B000900099024A0120885001B070470811000082B00190DE
:2092A00000910098019911221202885002B0704781B00090009802494058C0B201B070474D
:2092C0002411000040B584B002AE0096FDF7A6F8029A039B04B040BD81B0009000980249C9
:2092E0004860002001B07047FC04202081B00090009802490860002001B07047FC0420202A
:20930000C9B202788A4204D0002A01D0401CF8E70020704781B000900098812149014058CE
:20932000C0B201B0704781B000900098812149014058C0B201B0704781B0009000988121A1
:2093400049014058C0B201B0704710B50122120383180C789C604978815010BD10B50023F2
:209360009A4203D0CC5CC4545B1CF9E710BD80B50B4603214258C11D184600F0DBF880BD5A
:2093800002490868012290430860704708010B4002490868052210430860704710E000E085
:2093A00089004018014940587047C0461018000092008018014A81507047C04610180000DA
:2093C00080B501200006FFF733FAFFF7E1FF80BD02490868401C08607047C04698032020E4
:2093E00080B582B001900198FFF79CF802B080BD00214258091D002AFBD1081F801070471E
:209400000B4611461A4680B500F016F880BD0021425C491C002AFBD1481E70470021425CDE
:20942000491C002AFBD1481E704782B001AA10706846017002B0704700239A4202D0C154E9
:209440005B1CFAE7704780B500210846FBF7FEFC80BD0000014800687047C04618E000E0EA
:209460000A46002180B5FFF7E7FF80BD811E091F00BFFCD2704702460B4620462946FFE7CE
:2094800082B00094014C019410BD00BF7538000002460B462846394600E0000082B00094BF
:2094A000014C019410BD00BF2158000002460B4620462946F2E70022304639462B4670473F
:2094C00002460B4630463946E8E706980799039A049BFFE782B00094014C019410BD00BF9B
:2094E000594F00000A68531C0B601070704781B06946087001B0704780B50021F7F78CFFB2
:2095000080BD284607992A4600E0000082B00094014C019410BD00BFC5700000069C20463F
:209520003946BBE780B5FFF7CFFD80BD00487047A805202080B5FFF711FF80BD80B5FFF747
:20954000BFF880BD80B5FEF7A3F980BD3146224600E0000082B00094014C019410BD00BF21
:209560007F3800002846394698E700F003F8FEE7FFE7FEE700BF70472346EBE700E07047E5
:2095800082B00094014C019410BD00BFD18800000120704700000000000000000000000066
:2095A0000000700000000024000000020003000000650054FFEF0000FA80000B1282000151
:2095C000030C30C30E8C8CE914D5400213710F8E3883F8833000F883258EF8833000F88374
:2095E000FFFFFFFF0FFEA9D6240004001A8279A10000003CFFFF00000010000038836FA2EF
:20960000003E03304000000002CAE3093E8000002000000000000000400000006000000063
:20962000000C0000000C186E000006920A16C0DFFFFF0256FD8CD377FFE1C496E0C5BEAAC5
:2096400000000000FFFF0B2B00001657000003594000000000001DFA00026C1D000000002B
:209660003FFFDFEB003EB3B6000D227800002F3C00000000001942B5000039A20000B36526
:20968000D90E9FC91DCF4C3430000000500000003BB67AE80064000000C800000000000010
:2096A000100000001000FA921000225E000D229F0001000000320000FF46000063D40000F1
:2096C0001000000004D6000004CC000004CC0000000010720000004000000000000000003E
:2096E000000600020005000700000000006400000000000000000005000500640020000064
:209700000000000000000000000040000000030000000032F8980000FF650000830F00004E
:20972000FF9BFC000000000000000000000000000000000000000000000000000000000093
:209740000000000000000000000000000000100040000000000000060000B26A0002000095
:209760000001FB830068000000D9FC007CF1FF830000000000650000006403E800640028FE
:20978000000000250000000016A000000000100000001000002F0000000001F4000010009A
:2097A00000280000FFFF4581FFFFFA720000000000000000004400050005BAC6004778A224
:2097C000000000010000000000000600000000140000254D002F706D000005AE000C02D05F
:2097E00000000000000000000000000000000000001B00000000000000000000000000004E
:209800000064000000080000000000000000000000000000000000000000000000000000DC
:20982000000000000000000000000000000000000000000000000000000000000000000028
:20984000000000000000000000000000000000000000000000000000000000000000000008
:20986000001B00000000000000000000000E000E00000AC70004000000000032FFFFFF9C11
:2098800000000B2B000000020000000100000064FFE5000000000000000000000000000047
:2098A00000000001000000000001000000000000000180000001800000018000002426D306
:2098C0000000000000000000000600100096003C00000000000000000000000000000000A0
:2098E0000C0A4E68CDCF770950166759C619CE82000000000000000000000000000000002B
:20990000000000000000000017D78400030000000000000000000000C7938F9D1E1B1C19DE
:20992000000000000000000000000000000000000000000000000000020318850000400045
:209940000000000300000003000000000000000040000000000000000000000000000000C1
:209960000000000000000000000000000000000000000000000000000000000000000000E7
:2099800000000000677DDF7E72902E554CF6E6880000000000000000000000000000000051
:2099A000D8DCB4B8B0D8B9ABF3F8FAB3B7BB8E9EAEF132F51BF1B4B8B08097F1A9DFDFDF29
:2099C000AADFDFDFF2AAC5CDC7A90CC92C97F1A989264666B28999A92D557DB0B08AA89671
:2099E000365676F1BAA3B4B280C0B8A89711B28398BAA3F0240844106418B2B9B49883F128
:209A0000A329557DBAB5B1A38393F0002850F5B2B6AA839328547CF1B9A3829361BAA2DA59
:209A2000DEDFDB819AB9AEF5606870F1DABAA2DFD9BAA2FAB9A38292DB31BAA2D9BAA2F8A5
:209A4000DF85A4D0C1BBAD83C2C5C7B8A2DFDFDFBAA0DFDFDFD8D8F1B8AAB38DB4980D3575
:209A60005DB2B6BAAF8C96198F9FA70E161EB49AB8AA872C547CBAA4B08AB691325676B2A4
:209A80008494A4C808CDD8B8B4B0F19982A82D557D98A80E161EA22C547C92A4F02C50788C
:209AA000F184A898C4CDFCD80DDBA8FC2DF3D9BAA6F8DABAA6DED8BAB2B68696A6D0F3C850
:209AC00041DAA6C8F8D8B0B4B882A892F52C548898F135D9F418D8F1A2D0F8F9A884D9C7BD
:209AE000DFF8F883C5DADF69DF83C1D8F40114F1A8824EA884F311D182F5D992289788F1A5
:209B000009F41C1CD884A8F3C0F9D1D99782F129F40DD8F3F9F9D1D982F4C203D8DEDF1A31
:209B2000D8F1A2FAF9A88498D9C7DFF8F8F883C7DADF69DFF883C3D8F40114F198A8822E51
:209B4000A884F311D182F5D992509788F109F41CD884A8F3C0F8F9D1D99782F149F40DD82B
:209B6000F3F9F9D1D982F4C403D8DEDFD8F1AD8898CCA809F9D98292A8F57CF1883ACF945C
:209B80004A6E98DB6931DAADF2DEF9D88795A8F221D1DAA5F9F417D9F1AE8ED0C0C3AE8224
:209BA000C684C3A88595C8A588F2C0F1F4010EF18E9EA8C63E56F554F18872F40115F19855
:209BC00045856EF58E9E0488F142985A8E9E068869F4011CF1981E1108D0F504F11E970216
:209BE00002983625DBF9D985A5F3C1DA85A5F3DFD88595A8F309DAA5FAD88292A8F578F10E
:209C0000881A849F26889821DAF41DF3D8879F39D1AFD9DFDFFBF9F40CF3D8FAD0F8DAF998
:209C2000F9D0DFD9F9D8F40BD8F3879F39D1AFD9DFDFF41DF3D8FAFCA869F9F9AFD0DADE86
:209C4000FAD9F88F9FA8F1CCF398DB45D9AFDFD0F8D8F18F9FA8CAF38809DAAF8FCBF8D82C
:209C6000F2AD978D0CD9A5DFF9BAA6F3FAF412F2D8950DD1D9BAA6F3FADAA5F2C1BAA6F384
:209C8000DFD8F1BAB2B68696A6D0CAF349DAA6CBF8D8B0B4B8D8AD84F2C0DFF18FCBC3A8DB
:209CA000B2B68696C8C1CBC3F3B0B48898A821DB718D9D71859521D9ADF2FAD88597A82871
:209CC000D9F408D8F28D29DAF405D9F285A4C2F2D8A88D9401D1D9F411F2D88721D8F40A1B
:209CE000D8F28498A8C801D1D9F411D8F3A4C8BBAFD0F2DEF8F8F8F8F8F8F8F8D8F1B8F6E6
:209D0000B5B9B08A95A3DE3CA3D9F8D85CA3D9F8D87CA3D9F8D8F8F9D1A5D9DFDAFAD8B111
:209D20008530F7D9DED8F830ADDADED8F2B48C99A32D557DA083DFDFDFB591A0F629D9FB7D
:209D4000D8A0FC29D9FAD8A0D051D9F8D8FC51D9F9D879D9FBD8A0D0FC79D9FAD8A1F9F912
:209D6000F9F9F9A0DADFDFDFD8A1F8F8F8F8F8ACDEF8ADDE8393AC2C547CF1A8DFDFDFF699
:209D80009D2CDAA0DFD9FADB2DF8D8A850DAA0D0DED9D0F8F8F8DB55F8D8A878DAA0D0DFFC
:209DA000D9D0FAF8F8F8F8DB7DF8D89CA88CF530DB38D9D0DEDFA0D0DEDFD8A848DB58D989
:209DC000DFD0DEA0DFD0DED8A868DB70D9DFDFA0DFDFD8F1A888902C547C98A8D05C38D1A7
:209DE000DAF2AE8CDFF9D8B087A8C1C1B188A8C6F9F9DA36D8A8F9DA36D8A8F9DA36D8A811
:209E0000F9DA36D8A8F9DA36D8F78D9DADF818DAF2AEDFD8F7ADFA30D9A4DEF9D8F2AEDE51
:209E2000FAF983A7D9C3C5C7F1889BA77AADF7DEDFA4F8849408A797F300AEF29819A488DD
:209E4000C6A39488F632DFF28393DB09D9F2AADFD8D8AEF8F9D1DAF3A4DEA7F1889B7AD8BA
:209E6000F38494AE19F9DAAAF1DFD8A881C0C3C5C7A39283F628ADDED9F8D8A350ADD9F838
:209E8000D8A378ADD9F8D8F8F9D1A1DADEC3C5C7D8A18194F818F2B089ACC3C5C7F1D8B8CA
:209EA000B4B09786A8319B069907AB9728889BF00C201440B0B4B8F0A88A9A285078B79BF0
:209EC000A8295179247059446938644831F1BBAB88002C547CF0B38BB8A804285078F1B03A
:209EE00088B49726A85998BBABB38B02264666B0B8F08A9CA82951798B2951798A2470594A
:209F00008B2058718A4469388B3940688A6448318B30496088F1AC002C547CF08CA80428B6
:209F20005078F1889726A85998AC8C02264666F0899CA8295179247059446938644831A976
:209F40008809205970AB11384069A8193148608CA83C415C207C00F187981986A86E767EEE
:209F6000A999882D557DD8B1B5B9A3DFDFDFAED0DFAAD0DEF2ABF8F9D9B087C4AAF1DFDF71
:209F8000BBAFDFDFB9D8B1F1A3978E60DFB084F2C8F8F9D9DED89385F14AB183A308B58387
:209FA0009A0810B79F10D8F1B0BAAEB08AC2B2B68E9EF1FBD9F41DD8F9D90CF1D8F8F8AD26
:209FC00061D9AEFBD8F40CF1D8F8F8AD19D9AEFBDFD8F416F1D8F8AD8D61D9F4F4ACF59CAA
:209FE0009C8DDF2BBAB6AEFAF8F40BD8F1AED0F8AD51DAAEFAF8F1D8B9B1B6A3839C08B9FC
:20A00000B1839AB5AAC0FD3083B79F10B58B93F20202D1ABDADED8F1B080BAABC0C3B28429
:20A02000C1C3D8B1B9F38BA391B609B4D9ABDEB0879CB9A3DDF1B38B8B8B8B8BB087A3A3EF
:20A04000A3A3B28BB69BF2A3A3A3A3A3A3A3A3A3A3F1B087B59AA3F39BA3A3DCBAACDFB914
:20A06000A3A3A3A3A3A3A3A3A3A3A3A3A3A3A3A3D8D8D8BBB3B7F1AAF9DAFFD9809AAA28D1
:20A08000B48098A720B79787A86688F07951F1902C870CA781976293F0717160859401299F
:20A0A000517990A5F1284C6C870C95188578A38390284C6C886CD8F3A28200F210A89219C5
:20A0C00080A2F2D926D8F188A84DD948D896A83980D93CD89580A839A68698D92CDA87A783
:20A0E0002CD8A8899519A980D938D8A88939A980DA3CD8A82EA83990D90CD8A8953198D907
:20A100000CD8A809D9FFD801DAFFD89539A9DA26FFD890A80D8999A810809821DA2ED88939
:20A1200099A83180DA2ED8A886963180DA2ED8A8873180DA2ED8A88292F34180F1D92ED8F8
:20A14000A882F31980F1D92ED882ACF3C0A28022F1A62EA72EA92298A829DAACDEFFD8A2A9
:20A16000F22AF1A92E8292A8F23180A696F1D900AC8C9C0C30ACDED0DEFFD88C9CACD010C3
:20A18000ACDE8092A2F24C82A8F1CAF235F19688A6D900D8F1FF00000000000000000000E1
:20A1A000000000000000000000F800000000000000333000000000100C06100C0600000000
:20A1C00000000000000040C07840C0784000043F04043F040400007088FC08300000001879
:20A1E00020FF211E0000F008F000E018000000211C031E211E0000F00888700000001E2155
:20A2000023241927211010160E00000000000000000000000000000000E018040200000054
:20A2200000071820400000020418E00000000040201807000000404080F08040400002022E
:20A24000010F01020200000000F0000000000101011F01010100000000000000000080B0A4
:20A26000700000000000000000000000000000010101010101010000000000000000003037
:20A280003000000000000000000080601804006018060100000000E010080810E000000F14
:20A2A000102020100F00001010F8000000000020203F2020000000700808088870000030A8
:20A2C00028242221300000300888884830000018202020110E000000C02010F80000000779
:20A2E0000424243F240000F80888880808000019212020110E0000E0108888180000000FCF
:20A30000112020110E0000380808C83808000000003F000000000070880808887000001C22
:20A32000222121221C0000E010080810E0000000312222110F00000000C0C0000000000076
:20A34000003030000000000000800000000000008060000000000000804020100800000144
:20A360000204081020004040404040404000040404040404040000081020408000000020AB
:20A38000100804020100007048080808F0000000003036010000C030C828E810E0000718A0
:20A3A000272423140B000000C038E0000000203C23020227382008F8888888700000203FCF
:20A3C000202020110E00C030080808083800071820202010080008F808080810E000203FB8
:20A3E000202020100F0008F88888E8081000203F20202320180008F88888E8081000203F65
:20A40000200003000000C03008080838000007182020221E020008F808000008F808203FC9
:20A42000210101213F20000808F8080800000020203F2020000000000808F8080800C0804A
:20A4400080807F00000008F888C028180800203F20012638200008F8080000000000203F88
:20A4600020202020300008F8F800F8F80800203F003F003F200008F830C00008F808203FE8
:20A48000200007183F00E01008080810E0000F10202020100F0008F808080808F000203F39
:20A4A000210101010000E01008080810E0000F18242438504F0008F8888888887000203F4B
:20A4C0002000030C302000708808080838000038202121221C00180808F808081800000095
:20A4E000203F2000000008F808000008F808001F202020201F000878880000C838080000FF
:20A5000007380E010000F80800F80008F800033C0700073C03000818688080681808203009
:20A520002C03032C30200838C800C83808000000203F2000000010080808C8380800203856
:20A54000262120201800000000FE020202000000007F40404000000C30C00000000000001D
:20A5600000010638C00000020202FE000000004040407F000000000004020202040000008B
:20A580000000000000000000000000000000808080808080808000020204000000000000B3
:20A5A00000000000000000008080808000000019242222223F2008F8008080000000003F5A
:20A5C000112020110E000000008080800000000E112020201100000000808088F800000E6D
:20A5E000112020103F200000808080800000001F222222221300008080F088888818002021
:20A60000203F202000000000808080808000006B94949493600008F8008080800000203F22
:20A62000210000203F2000809898000000000020203F20200000000000809898000000C09B
:20A640008080807F000008F8000080808000203F24022D302000000808F800000000002051
:20A66000203F202000008080808080808000203F20003F20003F8080008080800000203FBF
:20A68000210000203F200000808080800000001F202020201F00808000808000000080FFDD
:20A6A000A12020110E000000008080808000000E112020A0FF8080808000808080002020DC
:20A6C0003F212000010000008080808080000033242424241900008080E0808000000000BD
:20A6E000001F202000008080000000808000001F202020103F20808080000080808000010C
:20A700000E300806010080800080008080800F300C030C300F0000808000808080000020B3
:20A72000312E0E312000808080000080808080818E7018060100008080808080800000211C
:20A74000302C2221300000000000807C020200000000003F404000000000FF00000000006C
:20A760000000FF0000000002027C800000000040403F000000000006010102020404000007
:20A780000000000000000000000000000000002F000000000700070000147F147F1400241E
:20A7A0002A7F2A1200626408132300364955225000000503000000001C2241000000412280
:20A7C0001C000014083E08140008083E0808000000A06000000808080808000060600000A1
:20A7E000002010080402003E5149453E0000427F4000004261514946002141454B31001801
:20A8000014127F10002745454539003C4A49493000017109050300364949493600064949AA
:20A82000291E00003636000000005636000000081422410000141414141400004122140877
:20A8400000020151090600324959513E007C1211127C007F49494936003E41414122007FD3
:20A860004141221C007F49494941007F09090901003E4149497A007F0808087F0000417F81
:20A880004100002040413F01007F08142241007F40404040007F020C027F007F0408107FF1
:20A8A000003E4141413E007F09090906003E4151215E007F09192946004649494931000107
:20A8C000017F0101003F4040403F001F2040201F003F4038403F006314081463000708704F
:20A8E000080700615149454300007F41410000552A552A55000041417F0000040201020464
:20A90000004040404040000001020400002054545478007F48444438003844444420003879
:20A920004444487F00385454541800087E0901020018A4A4A47C007F080404780000447DA2
:20A940004000004080847D00007F102844000000417F4000007C04180478007C08040478E3
:20A9600000384444443800FC242424180018242418FC007C080404080048545454200004AB
:20A980003F444020003C4040207C001C2040201C003C4030403C004428102844001CA0A058
:20A9A000A07C004464544C441414141414140800008080808080808080809090909090809F
:20A9C0008080808080808080808080808080808080180404040404040404040404040404A7
:20A9E000040202020202020202020204040404040404434343434343414141414141414189
:20AA0000414141414141414141414141040404040404232323232323212121212121212138
:20AA20002121212121212121212121210404040480000000000000000000000000000000FA
:20AA40000000000000000000000000000000000000000000000000000000000000000000F6
:20AA60000000000000000000000000000000000000000000000000000000000000000000D6
:20AA80000000000000000000000000000000000000000000000000000000000000000000B6
:20AAA0000000000000000000000000000000000000252D362E316600000000000000000049
:20AAC000000000000000F03F0000000000000040000000000000084000000000000010406F
:20AAE000000000000000144000000000000018400000000000001C400000000000002040EE
:20AB00000000000000002240000000000000244000000000000026400000000000002840A1
:20AB20000000000000002A400000000000002C400000000000002E4000000000000024406D
:20AB40000000000000005940000000000088C3400000000084D797410080E03779C3414347
:20AB6000176E05B5B5B89346F5F93FE9034F384D321D30F94877825A3CBF737FDD4F1575AD
:20AB80004FBB610567ACDD3F182D4454FB21E93F9BF681D20B73EF3F182D4454FB21F93F34
:20ABA000E2652F227F2B7A3C075C143326A6813CBDCBF07A8807703C075C143326A6913CFA
:20ABC00001000000000000000000000040000000000000000000000002000000040000002E
:20ABE000010000002C00C44183000000000800000001001832000500000020410000D242D3
:20AC0000295C0F3E9A99993E3333733F295C0F3E7B43252E32663A252E32663A252E32667B
:20AC20003A252E32663A25643A25643A25643A25643A25647D240075191A0C6A231B1C0007
:20AC4000001F207274433B4138393A006B6C376F06246D6E7008004F150000000000000007
:20AC60000000000000000000000000000000030002000000D33000000000000000000000CC
:20AC80000000000002000000117A000001000000000000000000000030313233343536378A
:20ACA00038394142434445460030313233343536373839616263646566000800050000001F
:20ACC0004FC3000000010000000000007B4225643A25643A25643A25647D24000000000031
:20ACE00002000000000000006800000476005401F7FD0001000018000000003000000000DE
:20AD00001800000000300000401F00002000010000FA0000000101004163745961773A00EC
:20AD20005461725961773A006D6F64653A00446973743A007961773A006379633A00454249
:20AD40003A002534750045413A000800000800F908001F08013F08000800000000000000A3
:20AD6000005500000F0112014001018F012202C01502030F01240440FF000004BF02017FCF
:20AD80007E9F37AC0000E80030001F0EE8AFAB0000EC0D40F10D80FD2A0DB40312C00F1396
:20ADA000001403EF10060F0D3012A112E1165F02191920420033001F3A33803F003305BB09
:20ADC000BF64003307BF120021B422212260FFF0096C00006F930000A99100000200000009
:18ADE000A203000060AD0000A4032020DCAD00000000202000000000F9
:00000001FF
